{
	"format_version": "1.12.0",
	"minecraft:geometry": [
		{
			"description": {
				"identifier": "geometry.good_luck_block",
				"texture_width": 64,
				"texture_height": 64,
				"visible_bounds_width": 3,
				"visible_bounds_height": 2,
				"visible_bounds_offset": [0, 0, 0]
			},
			"bones": [
				{
					"name": "Luckyblock",
					"pivot": [0, 0, 0],
					"cubes": [
						{"origin": [-8, 0, -8], "size": [16, 16, 16], "uv": [0, 0]}
					]
				},
				{
					"name": "3D_1",
					"pivot": [0, 0, 0],
					"cubes": [
						{"origin": [-7, 1, -8.5], "size": [1, 1, 0.5], "uv": [0, 0]},
						{"origin": [6, 1, -8.5], "size": [1, 1, 0.5], "uv": [0, 0]},
						{"origin": [-1, 3, -8.5], "size": [2, 2, 0.5], "uv": [0, 0]},
						{"origin": [-1, 6, -8.5], "size": [2, 2, 0.5], "uv": [0, 0]},
						{"origin": [6, 14, -8.5], "size": [1, 1, 0.5], "uv": [0, 0]},
						{"origin": [0, 8, -8.5], "size": [1, 1, 0.5], "uv": [0, 0]},
						{"origin": [-4, 9, -8.5], "size": [2, 3, 0.5], "uv": [0, 0]},
						{"origin": [1, 8, -8.5], "size": [2, 4, 0.5], "uv": [0, 0]},
						{"origin": [-7, 14, -8.5], "size": [1, 1, 0.5], "uv": [0, 0]},
						{"origin": [-3, 12, -8.5], "size": [5, 1, 0.5], "uv": [0, 0]}
					]
				},
				{
					"name": "3D_2",
					"pivot": [0, 0, 0],
					"cubes": [
						{"origin": [-8.5, 1, 6], "size": [0.5, 1, 1], "uv": [0, 0]},
						{"origin": [-8.5, 1, -7], "size": [0.5, 1, 1], "uv": [0, 0]},
						{"origin": [-8.5, 3, -1], "size": [0.5, 2, 2], "uv": [0, 0]},
						{"origin": [-8.5, 6, -1], "size": [0.5, 2, 2], "uv": [0, 0]},
						{"origin": [-8.5, 14, -7], "size": [0.5, 1, 1], "uv": [0, 0]},
						{"origin": [-8.5, 8, -1], "size": [0.5, 1, 1], "uv": [0, 0]},
						{"origin": [-8.5, 9, 2], "size": [0.5, 3, 2], "uv": [0, 0]},
						{"origin": [-8.5, 8, -3], "size": [0.5, 4, 2], "uv": [0, 0]},
						{"origin": [-8.5, 14, 6], "size": [0.5, 1, 1], "uv": [0, 0]},
						{"origin": [-8.5, 12, -2], "size": [0.5, 1, 5], "uv": [0, 0]}
					]
				},
				{
					"name": "3D_3",
					"pivot": [0, 0, 0],
					"cubes": [
						{"origin": [6, 1, 8], "size": [1, 1, 0.5], "uv": [0, 0]},
						{"origin": [-7, 1, 8], "size": [1, 1, 0.5], "uv": [0, 0]},
						{"origin": [-1, 3, 8], "size": [2, 2, 0.5], "uv": [0, 0]},
						{"origin": [-1, 6, 8], "size": [2, 2, 0.5], "uv": [0, 0]},
						{"origin": [-7, 14, 8], "size": [1, 1, 0.5], "uv": [0, 0]},
						{"origin": [-1, 8, 8], "size": [1, 1, 0.5], "uv": [0, 0]},
						{"origin": [2, 9, 8], "size": [2, 3, 0.5], "uv": [0, 0]},
						{"origin": [-3, 8, 8], "size": [2, 4, 0.5], "uv": [0, 0]},
						{"origin": [6, 14, 8], "size": [1, 1, 0.5], "uv": [0, 0]},
						{"origin": [-2, 12, 8], "size": [5, 1, 0.5], "uv": [0, 0]}
					]
				},
				{
					"name": "3D_4",
					"pivot": [0, 0, 0],
					"cubes": [
						{"origin": [8, 1, -7], "size": [0.5, 1, 1], "uv": [0, 0]},
						{"origin": [8, 1, 6], "size": [0.5, 1, 1], "uv": [0, 0]},
						{"origin": [8, 3, -1], "size": [0.5, 2, 2], "uv": [0, 0]},
						{"origin": [8, 6, -1], "size": [0.5, 2, 2], "uv": [0, 0]},
						{"origin": [8, 14, 6], "size": [0.5, 1, 1], "uv": [0, 0]},
						{"origin": [8, 8, 0], "size": [0.5, 1, 1], "uv": [0, 0]},
						{"origin": [8, 9, -4], "size": [0.5, 3, 2], "uv": [0, 0]},
						{"origin": [8, 8, 1], "size": [0.5, 4, 2], "uv": [0, 0]},
						{"origin": [8, 14, -7], "size": [0.5, 1, 1], "uv": [0, 0]},
						{"origin": [8, 12, -3], "size": [0.5, 1, 5], "uv": [0, 0]}
					]
				},
				{
					"name": "3D_5",
					"pivot": [0, 0, 0],
					"cubes": [
						{"origin": [-7, 16, -7], "size": [1, 0.5, 1], "uv": [0, 0]},
						{"origin": [6, 16, -7], "size": [1, 0.5, 1], "uv": [0, 0]},
						{"origin": [-1, 16, -5], "size": [2, 0.5, 2], "uv": [0, 0]},
						{"origin": [-1, 16, -2], "size": [2, 0.5, 2], "uv": [0, 0]},
						{"origin": [6, 16, 6], "size": [1, 0.5, 1], "uv": [0, 0]},
						{"origin": [0, 16, 0], "size": [1, 0.5, 1], "uv": [0, 0]},
						{"origin": [-4, 16, 1], "size": [2, 0.5, 3], "uv": [0, 0]},
						{"origin": [1, 16, 0], "size": [2, 0.5, 4], "uv": [0, 0]},
						{"origin": [-7, 16, 6], "size": [1, 0.5, 1], "uv": [0, 0]},
						{"origin": [-3, 16, 4], "size": [5, 0.5, 1], "uv": [0, 0]}
					]
				},
				{
					"name": "3D_6",
					"pivot": [-0.1, -0.75, 0.45],
					"cubes": [
						{"origin": [-7, -0.5, -7], "size": [1, 0.5, 1], "uv": [0, 0]},
						{"origin": [6, -0.5, -7], "size": [1, 0.5, 1], "uv": [0, 0]},
						{"origin": [-1, -0.5, -5], "size": [2, 0.5, 2], "uv": [0, 0]},
						{"origin": [-1, -0.5, -2], "size": [2, 0.5, 2], "uv": [0, 0]},
						{"origin": [6, -0.5, 6], "size": [1, 0.5, 1], "uv": [0, 0]},
						{"origin": [0, -0.5, 0], "size": [1, 0.5, 1], "uv": [0, 0]},
						{"origin": [-4, -0.5, 1], "size": [2, 0.5, 3], "uv": [0, 0]},
						{"origin": [1, -0.5, 0], "size": [2, 0.5, 4], "uv": [0, 0]},
						{"origin": [-7, -0.5, 6], "size": [1, 0.5, 1], "uv": [0, 0]},
						{"origin": [-3, -0.5, 4], "size": [5, 0.5, 1], "uv": [0, 0]}
					]
				}
			]
		}
	]
}