{
  "format_version": "1.11.0",
  "minecraft:entity": {
    "description": {
      "identifier": "minecraft:player",
      "is_spawnable": false,
      "is_summonable": false,
      "is_experimental": false,
      "scripts": {
        "animate": [
          "lucky"
        ]
      },
      "animations": {
        "lucky": "controller.animation.lucky"
      }
    },
    "component_groups": {
      "minecraft:normal_player": {
        "minecraft:attack": {
          "damage": 1
        },
        "minecraft:collision_box": {
          "width": 0.6,
          "height": 1.8
        },
        "minecraft:health": {
          "value": 20,
          "max": 20
        }
      },
      "minecraft:soul_of_determination": {
        "minecraft:spell_effects": {
          "add_effects": [
            {
              "effect": "health_boost",
              "duration": 240,
              "amplifier": 2,
              "ambient": 0,
              "visible": 0,
              "display_on_screen_animation": false
            }
          ]
        }
      },
      "minecraft:xray_orb": {
        "minecraft:spell_effects": {
          "add_effects": [
            {
              "effect": "night_vision",
              "duration": 120,
              "amplifier": 0,
              "ambient": 0,
              "visible": 0,
              "display_on_screen_animation": false
            }
          ]
        }
      },
      "minecraft:furious_orb": {
        "minecraft:spell_effects": {
          "add_effects": [
            {
              "effect": "resistance",
              "duration": 120,
              "amplifier": 1,
              "ambient": 0,
              "visible": 0,
              "display_on_screen_animation": false
            }
          ]
        }
      },
      "minecraft:wind_orb": {
        "minecraft:spell_effects": {
          "add_effects": [
            {
              "effect": "speed",
              "duration": 120,
              "amplifier": 3,
              "ambient": 0,
              "visible": 0,
              "display_on_screen_animation": false
            }
          ]
        }
      },
      "minecraft:water_orb": {
        "minecraft:spell_effects": {
          "add_effects": [
            {
              "effect": "water_breathing",
              "duration": 120,
              "amplifier": 0,
              "ambient": 0,
              "visible": 0,
              "display_on_screen_animation": false
            }
          ]
        }
      },
      "minecraft:poison_orb": {
        "minecraft:spell_effects": {
          "add_effects": [
            {
              "effect": "poison",
              "duration": 20,
              "amplifier": 2,
              "ambient": 0,
              "visible": 0,
              "display_on_screen_animation": false
            }
          ]
        }
      },
      "minecraft:jumping_orb": {
        "minecraft:spell_effects": {
          "add_effects": [
            {
              "effect": "jump_boost",
              "duration": 120,
              "amplifier": 4,
              "ambient": 0,
              "visible": 0,
              "display_on_screen_animation": false
            }
          ]
        }
      },
      "minecraft:haste_orb": {
        "minecraft:spell_effects": {
          "add_effects": [
            {
              "effect": "haste",
              "duration": 60,
              "amplifier": 2,
              "ambient": 0,
              "visible": 0,
              "display_on_screen_animation": false
            }
          ]
        }
      },
      "minecraft:healing_orb": {
        "minecraft:spell_effects": {
          "add_effects": [
            {
              "effect": "regeneration",
              "duration": 60,
              "amplifier": 2,
              "ambient": 0,
              "visible": 0,
              "display_on_screen_animation": false
            }
          ]
        }
      },
      "minecraft:fire_orb": {
        "minecraft:spell_effects": {
          "add_effects": [
            {
              "effect": "fire_resistance",
              "duration": 60,
              "amplifier": 1,
              "ambient": 0,
              "visible": 0,
              "display_on_screen_animation": false
            }
          ]
        }
      },
      "minecraft:lucky_sword": {
        "minecraft:health": {
          "value": 25,
          "max": 25
        }
      },
      "minecraft:astral_sword": {},
      "minecraft:astral_axe": {},
      "minecraft:crystal_sword": {
        "minecraft:health": {
          "value": 10,
          "max": 10
        }
      },
      "minecraft:rainbow_sword": {
        "minecraft:health": {
          "value": 30,
          "max": 30
        }
      },
      "minecraft:rainbow_pickaxe": {},
      "minecraft:rainbow_axe": {},
      "minecraft:rainbow_shovel": {},
      "minecraft:emerald_sword": {
        "minecraft:health": {
          "value": 22,
          "max": 22
        }
      },
      "minecraft:sky_sword": {
        "minecraft:spawn_entity": [
          {
            "min_wait_time": 0,
            "max_wait_time": 0,
            "spawn_entity": "entity:sky_sword",
            "num_to_spawn": 1,
            "single_use": true
          }
        ]
      },
      "minecraft:tomb_sword": {
        "minecraft:spawn_entity": [
          {
            "min_wait_time": 0,
            "max_wait_time": 0,
            "spawn_entity": "entity:tomb_sword",
            "num_to_spawn": 1,
            "single_use": true
          }
        ]
      },
      "minecraft:tnt_sword": {
        "minecraft:spawn_entity": [
          {
            "min_wait_time": 0,
            "max_wait_time": 0,
            "spawn_entity": "entity:tnt_sword",
            "num_to_spawn": 1,
            "single_use": true
          }
        ]
      },
      "minecraft:whiter_sword": {
        "minecraft:spawn_entity": [
          {
            "min_wait_time": 0,
            "max_wait_time": 0,
            "spawn_entity": "entity:whiter_sword",
            "num_to_spawn": 1,
            "single_use": true
          }
        ]
      },
      "minecraft:glacial_sword": {
        "minecraft:spawn_entity": [
          {
            "min_wait_time": 0,
            "max_wait_time": 0,
            "spawn_entity": "entity:glacial_sword",
            "num_to_spawn": 1,
            "single_use": true
          }
        ]
      },
      "minecraft:burning_sword": {
        "minecraft:spawn_entity": [
          {
            "min_wait_time": 0,
            "max_wait_time": 0,
            "spawn_entity": "entity:burning_sword",
            "num_to_spawn": 1,
            "single_use": true
          }
        ]
      },
      "minecraft:betty": {},
      "minecraft:knife": {},
      "minecraft:thunder_staff": {
        "minecraft:spawn_entity": [
          {
            "min_wait_time": 0,
            "max_wait_time": 0,
            "spawn_entity": "entity:thunder_staff",
            "num_to_spawn": 1,
            "single_use": true
          }
        ]
      },
      "minecraft:nyan_cats_staff": {
        "minecraft:spawn_entity": [
          {
            "min_wait_time": 0,
            "max_wait_time": 0,
            "spawn_entity": "entity:NyanCats",
            "num_to_spawn": 1,
            "single_use": true
          }
        ]
      },
      "minecraft:add_bad_omen": {
        "minecraft:spell_effects": {
          "add_effects": [
            {
              "effect": "bad_omen",
              "duration": 6000,
              "display_on_screen_animation": true
            }
          ]
        },
        "minecraft:timer": {
          "time": [
            0,
            0
          ],
          "looping": false,
          "time_down_event": {
            "event": "minecraft:clear_add_bad_omen",
            "target": "self"
          }
        }
      },
      "minecraft:clear_bad_omen_spell_effect": {
        "minecraft:spell_effects": {}
      },
      "minecraft:raid_trigger": {
        "minecraft:raid_trigger": {
          "triggered_event": {
            "event": "minecraft:remove_raid_trigger",
            "target": "self"
          }
        },
        "minecraft:spell_effects": {
          "remove_effects": "bad_omen"
        }
      }
    },
    "components": {
      "minecraft:type_family": {
        "family": [
          "player"
        ]
      },
      "minecraft:is_hidden_when_invisible": {},
      "minecraft:movement": {
        "value": 0.1
      },
      "minecraft:loot": {
        "table": "loot_tables/empty.json"
      },
      "minecraft:collision_box": {
        "width": 0.6,
        "height": 1.8
      },
      "minecraft:can_climb": {},
      "minecraft:player.saturation": {
        "value": 20
      },
      "minecraft:player.exhaustion": {
        "value": 0,
        "max": 4
      },
      "minecraft:player.level": {
        "value": 0,
        "max": 24791
      },
      "minecraft:player.experience": {
        "value": 0,
        "max": 1
      },
      "minecraft:breathable": {
        "totalSupply": 15,
        "suffocateTime": -1,
        "inhaleTime": 3.75,
        "generatesBubbles": false
      },
      "minecraft:nameable": {
        "alwaysShow": true,
        "allowNameTagRenaming": false
      },
      "minecraft:physics": {},
      "minecraft:insomnia": {
        "days_until_insomnia": 3
      },
      "minecraft:rideable": {
        "seat_count": 2,
        "family_types": [
          "parrot_tame"
        ],
        "pull_in_entities": true,
        "seats": [
          {
            "position": [
              0.4,
              -0.15,
              0.04
            ],
            "min_rider_count": 0,
            "max_rider_count": 0,
            "lock_rider_rotation": 0
          },
          {
            "position": [
              -0.4,
              -0.15,
              0.04
            ],
            "min_rider_count": 1,
            "max_rider_count": 2,
            "lock_rider_rotation": 0
          }
        ]
      },
      "minecraft:scaffolding_climber": {},
      "minecraft:environment_sensor": [
        {
          "on_environment": {
            "filters": {
              "all_of": [
                {
                  "test": "has_mob_effect",
                  "subject": "self",
                  "value": "bad_omen"
                },
                {
                  "test": "is_in_village",
                  "subject": "self",
                  "value": true
                }
              ]
            },
            "event": "minecraft:trigger_raid"
          }
        },
        {
          "on_environment": {
            "filters": {
              "all_of": [
                {
                  "test": "is_family",
                  "subject": "self",
                  "value": "player"
                }
              ]
            },
            "event": "minecraft:event_normal_player"
          }
        },
        {
          "on_environment": {
            "filters": {
              "all_of": [
                {
                  "test": "has_equipment",
                  "subject": "self",
                  "domain": "hand",
                  "value": "lucky:lucky_sword"
                }
              ]
            },
            "event": "minecraft:lucky_sword"
          }
        },
        {
          "on_environment": {
            "filters": {
              "all_of": [
                {
                  "test": "has_equipment",
                  "subject": "self",
                  "domain": "hand",
                  "value": "lucky:astral_axe"
                }
              ]
            },
            "event": "minecraft:astral_axe"
          }
        },
        {
          "on_environment": {
            "filters": {
              "all_of": [
                {
                  "test": "has_equipment",
                  "subject": "self",
                  "domain": "hand",
                  "value": "lucky:crystal_sword"
                }
              ]
            },
            "event": "minecraft:crystal_sword"
          }
        },
        {
          "on_environment": {
            "filters": {
              "all_of": [
                {
                  "test": "has_equipment",
                  "subject": "self",
                  "domain": "hand",
                  "value": "lucky:astral_sword"
                }
              ]
            },
            "event": "minecraft:astral_sword"
          }
        },
        {
          "on_environment": {
            "filters": {
              "all_of": [
                {
                  "test": "has_equipment",
                  "subject": "self",
                  "domain": "hand",
                  "value": "lucky:xray_orb"
                }
              ]
            },
            "event": "minecraft:xray_orb"
          }
        },
        {
          "on_environment": {
            "filters": {
              "all_of": [
                {
                  "test": "has_equipment",
                  "subject": "self",
                  "domain": "hand",
                  "value": "lucky:furious_orb"
                }
              ]
            },
            "event": "minecraft:furious_orb"
          }
        },
        {
          "on_environment": {
            "filters": {
              "all_of": [
                {
                  "test": "has_equipment",
                  "subject": "self",
                  "domain": "hand",
                  "value": "lucky:wind_orb"
                }
              ]
            },
            "event": "minecraft:wind_orb"
          }
        },
        {
          "on_environment": {
            "filters": {
              "all_of": [
                {
                  "test": "has_equipment",
                  "subject": "self",
                  "domain": "hand",
                  "value": "lucky:water_orb"
                }
              ]
            },
            "event": "minecraft:water_orb"
          }
        },
        {
          "on_environment": {
            "filters": {
              "all_of": [
                {
                  "test": "has_equipment",
                  "subject": "self",
                  "domain": "hand",
                  "value": "lucky:poison_orb"
                }
              ]
            },
            "event": "minecraft:poison_orb"
          }
        },
        {
          "on_environment": {
            "filters": {
              "all_of": [
                {
                  "test": "has_equipment",
                  "subject": "self",
                  "domain": "hand",
                  "value": "lucky:jumping_orb"
                }
              ]
            },
            "event": "minecraft:jumping_orb"
          }
        },
        {
          "on_environment": {
            "filters": {
              "all_of": [
                {
                  "test": "has_equipment",
                  "subject": "self",
                  "domain": "hand",
                  "value": "lucky:haste_orb"
                }
              ]
            },
            "event": "minecraft:haste_orb"
          }
        },
        {
          "on_environment": {
            "filters": {
              "all_of": [
                {
                  "test": "has_equipment",
                  "subject": "self",
                  "domain": "hand",
                  "value": "lucky:healing_orb"
                }
              ]
            },
            "event": "minecraft:healing_orb"
          }
        },
        {
          "on_environment": {
            "filters": {
              "all_of": [
                {
                  "test": "has_equipment",
                  "subject": "self",
                  "domain": "hand",
                  "value": "lucky:fire_orb"
                }
              ]
            },
            "event": "minecraft:fire_orb"
          }
        },
        {
          "on_environment": {
            "filters": {
              "all_of": [
                {
                  "test": "has_equipment",
                  "subject": "self",
                  "domain": "hand",
                  "value": "lucky:rainbow_sword"
                }
              ]
            },
            "event": "minecraft:rainbow_sword"
          }
        },
        {
          "on_environment": {
            "filters": {
              "all_of": [
                {
                  "test": "has_equipment",
                  "subject": "self",
                  "domain": "hand",
                  "value": "lucky:rainbow_pickaxe"
                }
              ]
            },
            "event": "minecraft:rainbow_pickaxe"
          }
        },
        {
          "on_environment": {
            "filters": {
              "all_of": [
                {
                  "test": "has_equipment",
                  "subject": "self",
                  "domain": "hand",
                  "value": "lucky:rainbow_axe"
                }
              ]
            },
            "event": "minecraft:rainbow_axe"
          }
        },
        {
          "on_environment": {
            "filters": {
              "all_of": [
                {
                  "test": "has_equipment",
                  "subject": "self",
                  "domain": "hand",
                  "value": "lucky:rainbow_shovel"
                }
              ]
            },
            "event": "minecraft:rainbow_shovel"
          }
        },
        {
          "on_environment": {
            "filters": {
              "all_of": [
                {
                  "test": "has_equipment",
                  "subject": "self",
                  "domain": "hand",
                  "value": "lucky:emerald_sword"
                }
              ]
            },
            "event": "minecraft:emerald_sword"
          }
        },
        {
          "on_environment": {
            "filters": {
              "all_of": [
                {
                  "test": "has_equipment",
                  "subject": "self",
                  "domain": "hand",
                  "value": "lucky:sky_sword"
                }
              ]
            },
            "event": "minecraft:sky_sword"
          }
        },
        {
          "on_environment": {
            "filters": {
              "all_of": [
                {
                  "test": "has_equipment",
                  "subject": "self",
                  "domain": "hand",
                  "value": "lucky:tomb_sword"
                }
              ]
            },
            "event": "minecraft:tomb_sword"
          }
        },
        {
          "on_environment": {
            "filters": {
              "all_of": [
                {
                  "test": "has_equipment",
                  "subject": "self",
                  "domain": "hand",
                  "value": "lucky:tnt_sword"
                }
              ]
            },
            "event": "minecraft:tnt_sword"
          }
        },
        {
          "on_environment": {
            "filters": {
              "all_of": [
                {
                  "test": "has_equipment",
                  "subject": "self",
                  "domain": "hand",
                  "value": "lucky:whiter_sword"
                }
              ]
            },
            "event": "minecraft:whiter_sword"
          }
        },
        {
          "on_environment": {
            "filters": {
              "all_of": [
                {
                  "test": "has_equipment",
                  "subject": "self",
                  "domain": "hand",
                  "value": "lucky:glacial_sword"
                }
              ]
            },
            "event": "minecraft:glacial_sword"
          }
        },
        {
          "on_environment": {
            "filters": {
              "all_of": [
                {
                  "test": "has_equipment",
                  "subject": "self",
                  "domain": "hand",
                  "value": "lucky:burning_sword"
                }
              ]
            },
            "event": "minecraft:burning_sword"
          }
        },
        {
          "on_environment": {
            "filters": {
              "all_of": [
                {
                  "test": "has_equipment",
                  "subject": "self",
                  "domain": "hand",
                  "value": "lucky:betty"
                }
              ]
            },
            "event": "minecraft:betty"
          }
        },
        {
          "on_environment": {
            "filters": {
              "all_of": [
                {
                  "test": "has_equipment",
                  "subject": "self",
                  "domain": "hand",
                  "value": "lucky:knife"
                }
              ]
            },
            "event": "minecraft:knife"
          }
        },
        {
          "on_environment": {
            "filters": {
              "all_of": [
                {
                  "test": "has_equipment",
                  "subject": "self",
                  "domain": "hand",
                  "value": "lucky:thunder_staff"
                }
              ]
            },
            "event": "minecraft:thunder_staff"
          }
        },
        {
          "on_environment": {
            "filters": {
              "all_of": [
                {
                  "test": "has_equipment",
                  "subject": "self",
                  "domain": "hand",
                  "value": "lucky:nyan_cats_staff"
                }
              ]
            },
            "event": "minecraft:nyan_cats_staff"
          }
        },
        {
          "on_environment": {
            "filters": {
              "all_of": [
                {
                  "test": "has_equipment",
                  "subject": "self",
                  "domain": "hand",
                  "value": "lucky:soul_of_determination"
                }
              ]
            },
            "event": "minecraft:soul_of_determination"
          }
        }
      ]
    },
    "events": {
      "minecraft:event_normal_player": {
        "add": {
          "component_groups": [
            "minecraft:normal_player"
          ]
        },
        "remove": {
          "component_groups": [
            "minecraft:lucky_sword",
            "minecraft:astral_sword",
            "minecraft:astral_axe",
            "minecraft:crystal_sword",
            "minecraft:xray_orb",
            "minecraft:furious_orb",
            "minecraft:wind_orb",
            "minecraft:water_orb",
            "minecraft:poison_orb",
            "minecraft:jumping_orb",
            "minecraft:haste_orb",
            "minecraft:healing_orb",
            "minecraft:fire_orb",
            "minecraft:thunder_staff",
            "minecraft:nyan_cats_staff",
            "minecraft:knife",
            "minecraft:betty",
            "minecraft:burning_sword",
            "minecraft:glacial_sword",
            "minecraft:whiter_sword",
            "minecraft:tnt_sword",
            "minecraft:tomb_sword",
            "minecraft:sky_sword",
            "minecraft:emerald_sword",
            "minecraft:rainbow_shovel",
            "minecraft:rainbow_axe",
            "minecraft:rainbow_pickaxe",
            "minecraft:rainbow_sword",
            "minecraft:soul_of_determination"
          ]
        }
      },
      "minecraft:lucky_sword": {
        "add": {
          "component_groups": [
            "minecraft:lucky_sword"
          ]
        }
      },
      "minecraft:astral_sword": {
        "add": {
          "component_groups": [
            "minecraft:astral_sword"
          ]
        }
      },
      "minecraft:astral_axe": {
        "add": {
          "component_groups": [
            "minecraft:astral_axe"
          ]
        }
      },
      "minecraft:crystal_sword": {
        "add": {
          "component_groups": [
            "minecraft:crystal_sword"
          ]
        }
      },
      "minecraft:xray_orb": {
        "add": {
          "component_groups": [
            "minecraft:xray_orb"
          ]
        }
      },
      "minecraft:furious_orb": {
        "add": {
          "component_groups": [
            "minecraft:furious_orb"
          ]
        }
      },
      "minecraft:wind_orb": {
        "add": {
          "component_groups": [
            "minecraft:wind_orb"
          ]
        }
      },
      "minecraft:water_orb": {
        "add": {
          "component_groups": [
            "minecraft:water_orb"
          ]
        }
      },
      "minecraft:poison_orb": {
        "add": {
          "component_groups": [
            "minecraft:poison_orb"
          ]
        }
      },
      "minecraft:jumping_orb": {
        "add": {
          "component_groups": [
            "minecraft:jumping_orb"
          ]
        }
      },
      "minecraft:haste_orb": {
        "add": {
          "component_groups": [
            "minecraft:haste_orb"
          ]
        }
      },
      "minecraft:healing_orb": {
        "add": {
          "component_groups": [
            "minecraft:healing_orb"
          ]
        }
      },
      "minecraft:fire_orb": {
        "add": {
          "component_groups": [
            "minecraft:fire_orb"
          ]
        }
      },
      "minecraft:rainbow_sword": {
        "add": {
          "component_groups": [
            "minecraft:rainbow_sword"
          ]
        }
      },
      "minecraft:rainbow_pickaxe": {
        "add": {
          "component_groups": [
            "minecraft:rainbow_pickaxe"
          ]
        }
      },
      "minecraft:rainbow_axe": {
        "add": {
          "component_groups": [
            "minecraft:rainbow_axe"
          ]
        }
      },
      "minecraft:rainbow_shovel": {
        "add": {
          "component_groups": [
            "minecraft:rainbow_shovel"
          ]
        }
      },
      "minecraft:emerald_sword": {
        "add": {
          "component_groups": [
            "minecraft:emerald_sword"
          ]
        }
      },
      "minecraft:sky_sword": {
        "add": {
          "component_groups": [
            "minecraft:sky_sword"
          ]
        }
      },
      "minecraft:tomb_sword": {
        "add": {
          "component_groups": [
            "minecraft:tomb_sword"
          ]
        }
      },
      "minecraft:tnt_sword": {
        "add": {
          "component_groups": [
            "minecraft:tnt_sword"
          ]
        }
      },
      "minecraft:whiter_sword": {
        "add": {
          "component_groups": [
            "minecraft:whiter_sword"
          ]
        }
      },
      "minecraft:glacial_sword": {
        "add": {
          "component_groups": [
            "minecraft:glacial_sword"
          ]
        }
      },
      "minecraft:burning_sword": {
        "add": {
          "component_groups": [
            "minecraft:burning_sword"
          ]
        }
      },
      "minecraft:betty": {
        "add": {
          "component_groups": [
            "minecraft:betty"
          ]
        }
      },
      "minecraft:knife": {
        "add": {
          "component_groups": [
            "minecraft:knife"
          ]
        }
      },
      "minecraft:thunder_staff": {
        "add": {
          "component_groups": [
            "minecraft:thunder_staff"
          ]
        }
      },
      "minecraft:nyan_cats_staff": {
        "add": {
          "component_groups": [
            "minecraft:nyan_cats_staff"
          ]
        }
      },
      "minecraft:soul_of_determination": {
        "add": {
          "component_groups": [
            "minecraft:soul_of_determination"
          ]
        }
      },
      "minecraft:gain_bad_omen": {
        "add": {
          "component_groups": [
            "minecraft:add_bad_omen"
          ]
        }
      },
      "minecraft:clear_add_bad_omen": {
        "remove": {
          "component_groups": [
            "minecraft:add_bad_omen"
          ]
        },
        "add": {
          "component_groups": [
            "minecraft:clear_bad_omen_spell_effect"
          ]
        }
      },
      "minecraft:trigger_raid": {
        "add": {
          "component_groups": [
            "minecraft:raid_trigger"
          ]
        }
      },
      "minecraft:remove_raid_trigger": {
        "remove": {
          "component_groups": [
            "minecraft:raid_trigger"
          ]
        }
      }
    }
  }
}