{
  "format_version": "1.10.0",
  "animation_controllers": {
    "controller.animation.lucky_shadow_boots": {
      "states": {
        "default": {
          "transitions": [
            {
              "walking": "(1.0)"
            }
          ],
          "on_entry": [
            "/function lucky_shadow_boots"
          ]
        },
        "walking": {
          "transitions": [
            {
              "default": "query.get_equipped_item_name=='shadow_boots' && query.is_using_item"
            }
          ],
          "on_entry": [
            "/function lucky_shadow_boots"
          ]
        }
      }
    }
  }
}