{
  "resource_pack_name": "Lucky",
  "texture_name": "atlas.items",
  "texture_data": {
    "lucky_apple": {
      "textures": "textures/items/lucky_apple"
    },
    "lucky_sword": {
      "textures": "textures/items/lucky_sword"
    },
    "astral_axe": {
      "textures": "textures/items/astral_axe"
    },
    "astral_sword": {
      "textures": "textures/items/astral_sword"
    },
    "crystal_sword": {
      "textures": "textures/items/crystal_sword"
    },
    "star_cookie": {
      "textures": "textures/items/star_cookie"
    },
    "cookie_heart": {
      "textures": "textures/items/cookie_heart"
    },
    "magic_chicken_feather": {
      "textures": "textures/items/magic_chicken_feather"
    },
    "pink_pufferfish": {
      "textures": "textures/items/pink_pufferfish"
    },
    "soul_of_determination": {
      "textures": "textures/items/soul_of_determination"
    },
    "xray_orb": {
      "textures": "textures/items/xray_orb"
    },
    "furious_orb": {
      "textures": "textures/items/furious_orb"
    },
    "wind_orb": {
      "textures": "textures/items/wind_orb"
    },
    "water_orb": {
      "textures": "textures/items/water_orb"
    },
    "poison_orb": {
      "textures": "textures/items/poison_orb"
    },
    "jumping_orb": {
      "textures": "textures/items/jumping_orb"
    },
    "haste_orb": {
      "textures": "textures/items/haste_orb"
    },
    "healing_orb": {
      "textures": "textures/items/healing_orb"
    },
    "fire_orb": {
      "textures": "textures/items/fire_orb"
    },
    "rainbow_gem": {
      "textures": "textures/items/rainbow_gem"
    },
    "hot_pepper": {
      "textures": "textures/items/hot_pepper"
    },
    "taco": {
      "textures": "textures/items/taco"
    },
    "medKit": {
      "textures": "textures/items/medKit"
    },
    "rainbow_sword": {
      "textures": "textures/items/rainbow_sword"
    },
    "rainbow_pickaxe": {
      "textures": "textures/items/rainbow_pickaxe"
    },
    "rainbow_axe": {
      "textures": "textures/items/rainbow_axe"
    },
    "rainbow_shovel": {
      "textures": "textures/items/rainbow_shovel"
    },
    "emerald_sword": {
      "textures": "textures/items/emerald_sword"
    },
    "sky_sword": {
      "textures": "textures/items/sky_sword"
    },
    "tomb_sword": {
      "textures": "textures/items/tomb_sword"
    },
    "tnt_sword": {
      "textures": "textures/items/tnt_sword"
    },
    "whiter_sword": {
      "textures": "textures/items/whiter_sword"
    },
    "glacial_sword": {
      "textures": "textures/items/glacial_sword"
    },
    "burning_sword": {
      "textures": "textures/items/burning_sword"
    },
    "betty": {
      "textures": "textures/items/betty"
    },
    "knife": {
      "textures": "textures/items/knife"
    },
    "thunder_staff": {
      "textures": "textures/items/thunder_staff"
    },
    "explosive_nether_Star": {
      "textures": "textures/items/explosive_nether_Star"
    },
    "nyan_cats_staff": {
      "textures": "textures/items/nyan_cats_staff"
    },
    "lucky_helmet": {
      "textures": "textures/items/lucky_helmet"
    },
    "lucky_chestplate": {
      "textures": "textures/items/lucky_chestplate"
    },
    "lucky_leggings": {
      "textures": "textures/items/lucky_leggings"
    },
    "lucky_boots": {
      "textures": "textures/items/lucky_boots"
    },
    "null": {
      "textures": "textures/items/null"
    }
  }
}