{
  "format_version": "1.8.0",
  "minecraft:client_entity": {
    "description": {
      "identifier": "lucky:bad_rabbit",
      "materials": { "default": "rabbit" },
      "textures": {
        "brown": "textures/entity/bad_rabbit"
      },
      "geometry": {
        "default": "geometry.rabbit"
      },
      "animations": {
        "move": "animation.rabbit.move",
        "baby_transform": "animation.rabbit.baby_transform",
        "look_at_target": "animation.common.look_at_target"
      },
      "animation_controllers": [
        { "general": "controller.animation.rabbit.general" },
        { "baby": "controller.animation.rabbit.baby" }
      ],
      "render_controllers": [ "controller.render.rabbit" ],
      "spawn_egg": {
        "base_color": "#ea6b6b",
        "overlay_color": "#360909"
      }
    }
  }
}