{
  "format_version": "1.8.0",
  "minecraft:client_entity": {
    "description": {
      "identifier": "lucky:minispider",
      "materials": {
        "default": "spider",
        "invisible": "spider_invisible"
      },
      "textures": {
        "default": "textures/entity/mini_spider"
      },
      "geometry": {
        "default": "geometry.spider"
      },
      "animations": {
        "default_leg_pose": "animation.spider.default_leg_pose",
        "look_at_target": "animation.spider.look_at_target",
        "walk": "animation.spider.walk"
      },
      "animation_controllers": [
        { "move": "controller.animation.spider.move" }
      ],
      "render_controllers": [ "controller.render.spider" ],
      "spawn_egg": {
        "base_color": "#000000",
        "overlay_color": "#ffffff"
      }
    }
  }
}