{
	"format_version": "1.12.0",
	"minecraft:geometry": [
		{
			"description": {
				"identifier": "geometry.champ",
				"texture_width": 16,
				"texture_height": 16,
				"visible_bounds_width": 2,
				"visible_bounds_height": 1,
				"visible_bounds_offset": [0, 0.5, 0]
			},
			"bones": [
				{
					"name": "champion_bone",
					"pivot": [0, -3, 0],
					"cubes": [
						{"origin": [-1, 3, -1], "size": [3, 3, 3], "uv": [0, 0]},
						{"origin": [0, 0, 0], "size": [1, 3, 1], "uv": [0, 6]}
					]
				}
			]
		}
	]
}