{
	"file_path": "C:\\Users\\jony1\\AppData\\Local\\Packages\\Microsoft.MinecraftUWP_8wekyb3d8bbwe\\LocalState\\games\\com.mojang\\development_behavior_packs\\LuckyBlockLucky\\recipes\\lucky_helmet.json",
	"file_type": "recipe",
	"format_version": 1,
	"file_uuid": "bf9840af_9896_45c9_a785_55d9f688aa0b",
	"file_version": 0,
	"cache_content": {
		"children": [
			{
				"data": "1.12",
				"key": "format_version"
			},
			{
				"open": {
					"format_version": 1.12,
					"minecraft:recipe_shaped": {
						"description": {
							"identifier": "lucky:lucky_helmet"
						},
						"tags": [
							"crafting_table"
						],
						"pattern": [
							"XXX",
							"X X"
						],
						"key": {
							"X": {
								"item": "lucky:rainbow_diamond"
							}
						},
						"result": {
							"item": "lucky:lucky_helmet"
						}
					}
				},
				"key": "minecraft:recipe_shaped",
				"children": [
					{
						"open": {
							"description": {
								"identifier": "lucky:lucky_helmet"
							},
							"tags": [
								"crafting_table"
							],
							"pattern": [
								"XXX",
								"X X"
							],
							"key": {
								"X": {
									"item": "lucky:rainbow_diamond"
								}
							},
							"result": {
								"item": "lucky:lucky_helmet"
							}
						},
						"key": "description",
						"is_minified": true,
						"children": {
							"identifier": "lucky:lucky_helmet"
						}
					},
					{
						"open": {
							"description": {
								"identifier": "lucky:lucky_helmet"
							},
							"tags": [
								"crafting_table"
							],
							"pattern": [
								"XXX",
								"X X"
							],
							"key": {
								"X": {
									"item": "lucky:rainbow_diamond"
								}
							},
							"result": {
								"item": "lucky:lucky_helmet"
							}
						},
						"key": "tags",
						"is_minified": true,
						"children": [
							"crafting_table"
						]
					},
					{
						"open": {
							"description": {
								"identifier": "lucky:lucky_helmet"
							},
							"tags": [
								"crafting_table"
							],
							"pattern": [
								"XXX",
								"X X"
							],
							"key": {
								"X": {
									"item": "lucky:rainbow_diamond"
								}
							},
							"result": {
								"item": "lucky:lucky_helmet"
							}
						},
						"key": "pattern",
						"is_minified": true,
						"children": [
							"XXX",
							"X X"
						]
					},
					{
						"open": {
							"description": {
								"identifier": "lucky:lucky_helmet"
							},
							"tags": [
								"crafting_table"
							],
							"pattern": [
								"XXX",
								"X X"
							],
							"key": {
								"X": {
									"item": "lucky:rainbow_diamond"
								}
							},
							"result": {
								"item": "lucky:lucky_helmet"
							}
						},
						"key": "key",
						"children": [
							{
								"open": {
									"X": {
										"item": "lucky:rainbow_diamond"
									}
								},
								"key": "X",
								"is_minified": true,
								"children": {
									"item": "lucky:rainbow_diamond"
								}
							}
						]
					},
					{
						"open": {
							"description": {
								"identifier": "lucky:lucky_helmet"
							},
							"tags": [
								"crafting_table"
							],
							"pattern": [
								"XXX",
								"X X"
							],
							"key": {
								"X": {
									"item": "lucky:rainbow_diamond"
								}
							},
							"result": {
								"item": "lucky:lucky_helmet"
							}
						},
						"key": "result",
						"is_minified": true,
						"children": {
							"item": "lucky:lucky_helmet"
						}
					}
				]
			}
		]
	}
}