{
	"file_path": "C:\\Users\\jony1\\AppData\\Local\\Packages\\Microsoft.MinecraftUWP_8wekyb3d8bbwe\\LocalState\\games\\com.mojang\\development_behavior_packs\\LuckyBlockLucky\\recipes\\rainbow_sword.json",
	"file_type": "recipe",
	"format_version": 1,
	"file_uuid": "b26f461a_6332_4e8e_b7ee_4179eaeb214d",
	"file_version": 0,
	"cache_content": {
		"children": [
			{
				"data": "1.12",
				"key": "format_version"
			},
			{
				"open": {
					"format_version": 1.12,
					"minecraft:recipe_shaped": {
						"description": {
							"identifier": "lucky:rainbow_sword"
						},
						"tags": [
							"crafting_table"
						],
						"pattern": [
							"A",
							"A",
							"B"
						],
						"key": {
							"A": {
								"item": "lucky:rainbow_diamond"
							},
							"B": {
								"item": "minecraft:stick"
							}
						},
						"result": {
							"item": "lucky:rainbow_sword",
							"count": 1
						}
					}
				},
				"key": "minecraft:recipe_shaped",
				"children": [
					{
						"open": {
							"description": {
								"identifier": "lucky:rainbow_sword"
							},
							"tags": [
								"crafting_table"
							],
							"pattern": [
								"A",
								"A",
								"B"
							],
							"key": {
								"A": {
									"item": "lucky:rainbow_diamond"
								},
								"B": {
									"item": "minecraft:stick"
								}
							},
							"result": {
								"item": "lucky:rainbow_sword",
								"count": 1
							}
						},
						"key": "description",
						"is_minified": true,
						"children": {
							"identifier": "lucky:rainbow_sword"
						}
					},
					{
						"open": {
							"description": {
								"identifier": "lucky:rainbow_sword"
							},
							"tags": [
								"crafting_table"
							],
							"pattern": [
								"A",
								"A",
								"B"
							],
							"key": {
								"A": {
									"item": "lucky:rainbow_diamond"
								},
								"B": {
									"item": "minecraft:stick"
								}
							},
							"result": {
								"item": "lucky:rainbow_sword",
								"count": 1
							}
						},
						"key": "tags",
						"is_minified": true,
						"children": [
							"crafting_table"
						]
					},
					{
						"open": {
							"description": {
								"identifier": "lucky:rainbow_sword"
							},
							"tags": [
								"crafting_table"
							],
							"pattern": [
								"A",
								"A",
								"B"
							],
							"key": {
								"A": {
									"item": "lucky:rainbow_diamond"
								},
								"B": {
									"item": "minecraft:stick"
								}
							},
							"result": {
								"item": "lucky:rainbow_sword",
								"count": 1
							}
						},
						"key": "pattern",
						"is_minified": true,
						"children": [
							"A",
							"A",
							"B"
						]
					},
					{
						"open": {
							"description": {
								"identifier": "lucky:rainbow_sword"
							},
							"tags": [
								"crafting_table"
							],
							"pattern": [
								"A",
								"A",
								"B"
							],
							"key": {
								"A": {
									"item": "lucky:rainbow_diamond"
								},
								"B": {
									"item": "minecraft:stick"
								}
							},
							"result": {
								"item": "lucky:rainbow_sword",
								"count": 1
							}
						},
						"key": "key",
						"children": [
							{
								"open": {
									"A": {
										"item": "lucky:rainbow_diamond"
									},
									"B": {
										"item": "minecraft:stick"
									}
								},
								"key": "A",
								"is_minified": true,
								"children": {
									"item": "lucky:rainbow_diamond"
								}
							},
							{
								"open": {
									"A": {
										"item": "lucky:rainbow_diamond"
									},
									"B": {
										"item": "minecraft:stick"
									}
								},
								"key": "B",
								"is_minified": true,
								"children": {
									"item": "minecraft:stick"
								}
							}
						]
					},
					{
						"open": {
							"description": {
								"identifier": "lucky:rainbow_sword"
							},
							"tags": [
								"crafting_table"
							],
							"pattern": [
								"A",
								"A",
								"B"
							],
							"key": {
								"A": {
									"item": "lucky:rainbow_diamond"
								},
								"B": {
									"item": "minecraft:stick"
								}
							},
							"result": {
								"item": "lucky:rainbow_sword",
								"count": 1
							}
						},
						"key": "result",
						"is_minified": true,
						"children": {
							"item": "lucky:rainbow_sword",
							"count": 1
						}
					}
				]
			}
		]
	}
}