{
	"file_path": "C:\\Users\\jony1\\AppData\\Local\\Packages\\Microsoft.MinecraftUWP_8wekyb3d8bbwe\\LocalState\\games\\com.mojang\\development_behavior_packs\\LuckyBlockLucky\\recipes\\star.json",
	"file_type": "recipe",
	"format_version": 1,
	"file_uuid": "0b344858_4045_448a_9434_be2dc889c44a",
	"file_version": 0,
	"cache_content": {
		"children": [
			{
				"data": "1.12",
				"key": "format_version"
			},
			{
				"open": {
					"format_version": 1.12,
					"minecraft:recipe_shaped": {
						"description": {
							"identifier": "lucky:star"
						},
						"tags": [
							"crafting_table"
						],
						"pattern": [
							" A ",
							"AAA",
							"A A"
						],
						"key": {
							"A": {
								"item": "minecraft:gold_ingot"
							}
						},
						"result": {
							"item": "lucky:star",
							"count": 1
						}
					}
				},
				"key": "minecraft:recipe_shaped",
				"children": [
					{
						"open": {
							"description": {
								"identifier": "lucky:star"
							},
							"tags": [
								"crafting_table"
							],
							"pattern": [
								" A ",
								"AAA",
								"A A"
							],
							"key": {
								"A": {
									"item": "minecraft:gold_ingot"
								}
							},
							"result": {
								"item": "lucky:star",
								"count": 1
							}
						},
						"key": "description",
						"is_minified": true,
						"children": {
							"identifier": "lucky:star"
						}
					},
					{
						"open": {
							"description": {
								"identifier": "lucky:star"
							},
							"tags": [
								"crafting_table"
							],
							"pattern": [
								" A ",
								"AAA",
								"A A"
							],
							"key": {
								"A": {
									"item": "minecraft:gold_ingot"
								}
							},
							"result": {
								"item": "lucky:star",
								"count": 1
							}
						},
						"key": "tags",
						"is_minified": true,
						"children": [
							"crafting_table"
						]
					},
					{
						"open": {
							"description": {
								"identifier": "lucky:star"
							},
							"tags": [
								"crafting_table"
							],
							"pattern": [
								" A ",
								"AAA",
								"A A"
							],
							"key": {
								"A": {
									"item": "minecraft:gold_ingot"
								}
							},
							"result": {
								"item": "lucky:star",
								"count": 1
							}
						},
						"key": "pattern",
						"is_minified": true,
						"children": [
							" A ",
							"AAA",
							"A A"
						]
					},
					{
						"open": {
							"description": {
								"identifier": "lucky:star"
							},
							"tags": [
								"crafting_table"
							],
							"pattern": [
								" A ",
								"AAA",
								"A A"
							],
							"key": {
								"A": {
									"item": "minecraft:gold_ingot"
								}
							},
							"result": {
								"item": "lucky:star",
								"count": 1
							}
						},
						"key": "key",
						"children": [
							{
								"open": {
									"A": {
										"item": "minecraft:gold_ingot"
									}
								},
								"key": "A",
								"is_minified": true,
								"children": {
									"item": "minecraft:gold_ingot"
								}
							}
						]
					},
					{
						"open": {
							"description": {
								"identifier": "lucky:star"
							},
							"tags": [
								"crafting_table"
							],
							"pattern": [
								" A ",
								"AAA",
								"A A"
							],
							"key": {
								"A": {
									"item": "minecraft:gold_ingot"
								}
							},
							"result": {
								"item": "lucky:star",
								"count": 1
							}
						},
						"key": "result",
						"is_minified": true,
						"children": {
							"item": "lucky:star",
							"count": 1
						}
					}
				]
			}
		]
	}
}