{
    "pools": [
        {
            "rolls": {
                "min": 8,
                "max": 24
            },
            "entries": [
                {
                    "type": "item",
                    "weight": 15,
                    "name": "minecraft:dirt"
                },
                {
                    "type": "item",
                    "weight": 15,
                    "name": "minecraft:cobblestone"
                },
                {
                    "type": "item",
                    "weight": 5,
                    "name": "minecraft:flint"
                },
                {
                    "type": "item",
                    "weight": 10,
                    "name": "minecraft:coal"
                },
                {
                    "type": "item",
                    "weight": 15,
                    "name": "minecraft:gravel"
                },
                {
                    "type": "item",
                    "weight": 5,
                    "name": "minecraft:blaze_powder"
                },
                {
                    "type": "item",
                    "weight": 15,
                    "name": "minecraft:red_flower",
                    "functions": [
                        {
                            "function": "set_data",
                            "data": {
                                "min": 1,
                                "max": 10
                            }
                        }
                    ]
                },
                {
                    "type": "item",
                    "weight": 10,
                    "name": "minecraft:carrot"
                },
                {
                    "type": "item",
                    "weight": 15,
                    "name": "minecraft:gold_nugget"
                },
                {
                    "type": "item",
                    "weight": 15,
                    "name": "minecraft:iron_nugget"
                },
                {
                    "type": "item",
                    "weight": 15,
                    "name": "minecraft:stick"
                },
                {
                    "type": "item",
                    "weight": 15,
                    "name": "minecraft:apple"
                }
            ]
        }
    ]
}