{
	"file_path": "C:\\Users\\jony1\\AppData\\Local\\Packages\\Microsoft.MinecraftUWP_8wekyb3d8bbwe\\LocalState\\games\\com.mojang\\development_behavior_packs\\LuckyBlockLucky\\items\\astral_axe.json",
	"file_type": "item",
	"format_version": 1,
	"file_uuid": "fb241181_5a02_4436_b8f4_93cd6d9191e5",
	"file_version": 1,
	"cache_content": {
		"children": [
			{
				"data": "1.16.100",
				"key": "format_version"
			},
			{
				"open": {
					"format_version": "1.16.100",
					"minecraft:item": {
						"description": {
							"identifier": "lucky:astral_axe",
							"category": "equipment"
						},
						"components": {
							"minecraft:max_stack_size": 1,
							"minecraft:hand_equipped": true,
							"minecraft:durability": {
								"max_durability": 1000
							},
							"minecraft:mining_speed": 1,
							"minecraft:damage": 20,
							"minecraft:enchantable": {
								"value": 22,
								"slot": "axe"
							},
							"minecraft:digger": {
								"use_efficiency": true,
								"destroy_speeds": [
									{
										"block": {
											"tags": "q.any_tag('wood', 'pumpkin', 'plant')"
										},
										"speed": 15
									},
									{
										"block": "minecraft:chest",
										"speed": 15
									},
									{
										"block": "minecraft:melon_block",
										"speed": 15
									}
								]
							},
							"minecraft:icon": {
								"texture": "astral_axe"
							},
							"minecraft:display_name": {
								"value": "Astral axe"
							},
							"minecraft:creative_category": {
								"parent": "itemGroup.name.axe"
							},
							"minecraft:repairable": {
								"repair_items": [
									{
										"items": [
											"lucky:astral_axe",
											"lucky:rainbow_diamond"
										],
										"repair_amount": 15
									}
								]
							},
							"tag:minecraft:is_axe": {}
						}
					}
				},
				"key": "minecraft:item",
				"children": [
					{
						"open": {
							"description": {
								"identifier": "lucky:astral_axe",
								"category": "equipment"
							},
							"components": {
								"minecraft:max_stack_size": 1,
								"minecraft:hand_equipped": true,
								"minecraft:durability": {
									"max_durability": 1000
								},
								"minecraft:mining_speed": 1,
								"minecraft:damage": 20,
								"minecraft:enchantable": {
									"value": 22,
									"slot": "axe"
								},
								"minecraft:digger": {
									"use_efficiency": true,
									"destroy_speeds": [
										{
											"block": {
												"tags": "q.any_tag('wood', 'pumpkin', 'plant')"
											},
											"speed": 15
										},
										{
											"block": "minecraft:chest",
											"speed": 15
										},
										{
											"block": "minecraft:melon_block",
											"speed": 15
										}
									]
								},
								"minecraft:icon": {
									"texture": "astral_axe"
								},
								"minecraft:display_name": {
									"value": "Astral axe"
								},
								"minecraft:creative_category": {
									"parent": "itemGroup.name.axe"
								},
								"minecraft:repairable": {
									"repair_items": [
										{
											"items": [
												"lucky:astral_axe",
												"lucky:rainbow_diamond"
											],
											"repair_amount": 15
										}
									]
								},
								"tag:minecraft:is_axe": {}
							}
						},
						"key": "description",
						"is_minified": true,
						"children": {
							"identifier": "lucky:astral_axe",
							"category": "equipment"
						}
					},
					{
						"open": {
							"description": {
								"identifier": "lucky:astral_axe",
								"category": "equipment"
							},
							"components": {
								"minecraft:max_stack_size": 1,
								"minecraft:hand_equipped": true,
								"minecraft:durability": {
									"max_durability": 1000
								},
								"minecraft:mining_speed": 1,
								"minecraft:damage": 20,
								"minecraft:enchantable": {
									"value": 22,
									"slot": "axe"
								},
								"minecraft:digger": {
									"use_efficiency": true,
									"destroy_speeds": [
										{
											"block": {
												"tags": "q.any_tag('wood', 'pumpkin', 'plant')"
											},
											"speed": 15
										},
										{
											"block": "minecraft:chest",
											"speed": 15
										},
										{
											"block": "minecraft:melon_block",
											"speed": 15
										}
									]
								},
								"minecraft:icon": {
									"texture": "astral_axe"
								},
								"minecraft:display_name": {
									"value": "Astral axe"
								},
								"minecraft:creative_category": {
									"parent": "itemGroup.name.axe"
								},
								"minecraft:repairable": {
									"repair_items": [
										{
											"items": [
												"lucky:astral_axe",
												"lucky:rainbow_diamond"
											],
											"repair_amount": 15
										}
									]
								},
								"tag:minecraft:is_axe": {}
							}
						},
						"key": "components",
						"children": [
							{
								"data": "1",
								"key": "minecraft:max_stack_size"
							},
							{
								"data": "true",
								"key": "minecraft:hand_equipped"
							},
							{
								"key": "minecraft:durability",
								"is_minified": true,
								"children": {
									"max_durability": 1000
								}
							},
							{
								"data": "1",
								"key": "minecraft:mining_speed"
							},
							{
								"data": "20",
								"key": "minecraft:damage"
							},
							{
								"key": "minecraft:enchantable",
								"is_minified": true,
								"children": {
									"value": 22,
									"slot": "axe"
								}
							},
							{
								"key": "minecraft:digger",
								"is_minified": true,
								"children": {
									"use_efficiency": true,
									"destroy_speeds": [
										{
											"block": {
												"tags": "q.any_tag('wood', 'pumpkin', 'plant')"
											},
											"speed": 15
										},
										{
											"block": "minecraft:chest",
											"speed": 15
										},
										{
											"block": "minecraft:melon_block",
											"speed": 15
										}
									]
								}
							},
							{
								"key": "minecraft:icon",
								"is_minified": true,
								"children": {
									"texture": "astral_axe"
								}
							},
							{
								"key": "minecraft:display_name",
								"is_minified": true,
								"children": {
									"value": "Astral axe"
								}
							},
							{
								"key": "minecraft:creative_category",
								"is_minified": true,
								"children": {
									"parent": "itemGroup.name.axe"
								}
							},
							{
								"key": "minecraft:repairable",
								"children": [
									{
										"open": {
											"repair_items": [
												{
													"items": [
														"lucky:astral_axe",
														"lucky:rainbow_diamond"
													],
													"repair_amount": 15
												}
											]
										},
										"key": "repair_items",
										"children": [
											{
												"open": [
													{
														"items": [
															"lucky:astral_axe",
															"lucky:rainbow_diamond"
														],
														"repair_amount": 15
													}
												],
												"children": [
													{
														"open": {
															"items": [
																"lucky:astral_axe",
																"lucky:rainbow_diamond"
															],
															"repair_amount": 15
														},
														"key": "items",
														"is_minified": true,
														"children": [
															"lucky:astral_axe",
															"lucky:rainbow_diamond"
														]
													},
													{
														"data": "15",
														"key": "repair_amount"
													}
												]
											}
										]
									}
								]
							},
							{
								"key": "tag:minecraft:is_axe",
								"is_minified": true,
								"children": {}
							}
						]
					}
				]
			}
		]
	}
}