{
	"file_path": "C:\\Users\\jony1\\AppData\\Local\\Packages\\Microsoft.MinecraftUWP_8wekyb3d8bbwe\\LocalState\\games\\com.mojang\\development_behavior_packs\\LuckyBlockLucky\\items\\rainbow_diamond1.json",
	"file_type": "item",
	"format_version": 1,
	"file_uuid": "40838eae_48ea_418c_b7cf_88ad27eb8fb3",
	"file_version": 0,
	"cache_content": {
		"children": [
			{
				"data": "1.16.100",
				"key": "format_version"
			},
			{
				"open": {
					"format_version": "1.16.100",
					"minecraft:item": {
						"description": {
							"identifier": "lucky:rainbow_diamond",
							"category": "items"
						},
						"components": {
							"minecraft:icon": {
								"texture": "rainbow_diamond"
							},
							"minecraft:display_name": {
								"value": "Rainbow diamond"
							},
							"minecraft:creative_category": {
								"parent": "itemGroup.name.diamond"
							}
						}
					}
				},
				"key": "minecraft:item",
				"children": [
					{
						"open": {
							"description": {
								"identifier": "lucky:rainbow_diamond",
								"category": "items"
							},
							"components": {
								"minecraft:icon": {
									"texture": "rainbow_diamond"
								},
								"minecraft:display_name": {
									"value": "Rainbow diamond"
								},
								"minecraft:creative_category": {
									"parent": "itemGroup.name.diamond"
								}
							}
						},
						"key": "description",
						"is_minified": true,
						"children": {
							"identifier": "lucky:rainbow_diamond",
							"category": "items"
						}
					},
					{
						"open": {
							"description": {
								"identifier": "lucky:rainbow_diamond",
								"category": "items"
							},
							"components": {
								"minecraft:icon": {
									"texture": "rainbow_diamond"
								},
								"minecraft:display_name": {
									"value": "Rainbow diamond"
								},
								"minecraft:creative_category": {
									"parent": "itemGroup.name.diamond"
								}
							}
						},
						"key": "components",
						"is_minified": true,
						"children": {
							"minecraft:icon": {
								"texture": "rainbow_diamond"
							},
							"minecraft:display_name": {
								"value": "Rainbow diamond"
							},
							"minecraft:creative_category": {
								"parent": "itemGroup.name.diamond"
							}
						}
					}
				]
			}
		]
	}
}