{
	"file_path": "C:\\Users\\jony1\\AppData\\Local\\Packages\\Microsoft.MinecraftUWP_8wekyb3d8bbwe\\LocalState\\games\\com.mojang\\development_behavior_packs\\LuckyBlockLucky\\items\\rainbow_sword.json",
	"file_type": "item",
	"format_version": 1,
	"file_uuid": "940f2936_bd45_4d02_8aa7_c4d5eba7f4ca",
	"file_version": 0,
	"cache_content": {
		"children": [
			{
				"data": "1.16.100",
				"key": "format_version"
			},
			{
				"open": {
					"format_version": "1.16.100",
					"minecraft:item": {
						"description": {
							"identifier": "lucky:rainbow_sword",
							"category": "equipment"
						},
						"components": {
							"minecraft:max_stack_size": 1,
							"minecraft:use_duration": 3600,
							"minecraft:hand_equipped": true,
							"minecraft:durability": {
								"max_durability": 1200
							},
							"minecraft:mining_speed": 1.5,
							"minecraft:damage": 19,
							"minecraft:enchantable": {
								"value": 15,
								"slot": "sword"
							},
							"minecraft:can_destroy_in_creative": false,
							"minecraft:digger": {
								"use_efficiency": false,
								"destroy_speeds": [
									{
										"block": "minecraft:web",
										"speed": 15
									},
									{
										"block": "minecraft:bamboo",
										"speed": 10
									}
								]
							},
							"minecraft:icon": {
								"texture": "rainbow_sword"
							},
							"minecraft:display_name": {
								"value": "Rainbow sword"
							},
							"minecraft:creative_category": {
								"parent": "itemGroup.name.sword"
							},
							"minecraft:repairable": {
								"repair_items": [
									{
										"items": [
											"lucky:rainbow_diamond",
											"lucky:rainbow_sword"
										],
										"repair_amount": 15
									}
								]
							}
						}
					}
				},
				"key": "minecraft:item",
				"children": [
					{
						"open": {
							"description": {
								"identifier": "lucky:rainbow_sword",
								"category": "equipment"
							},
							"components": {
								"minecraft:max_stack_size": 1,
								"minecraft:use_duration": 3600,
								"minecraft:hand_equipped": true,
								"minecraft:durability": {
									"max_durability": 1200
								},
								"minecraft:mining_speed": 1.5,
								"minecraft:damage": 19,
								"minecraft:enchantable": {
									"value": 15,
									"slot": "sword"
								},
								"minecraft:can_destroy_in_creative": false,
								"minecraft:digger": {
									"use_efficiency": false,
									"destroy_speeds": [
										{
											"block": "minecraft:web",
											"speed": 15
										},
										{
											"block": "minecraft:bamboo",
											"speed": 10
										}
									]
								},
								"minecraft:icon": {
									"texture": "rainbow_sword"
								},
								"minecraft:display_name": {
									"value": "Rainbow sword"
								},
								"minecraft:creative_category": {
									"parent": "itemGroup.name.sword"
								},
								"minecraft:repairable": {
									"repair_items": [
										{
											"items": [
												"lucky:rainbow_diamond",
												"lucky:rainbow_sword"
											],
											"repair_amount": 15
										}
									]
								}
							}
						},
						"key": "description",
						"is_minified": true,
						"children": {
							"identifier": "lucky:rainbow_sword",
							"category": "equipment"
						}
					},
					{
						"open": {
							"description": {
								"identifier": "lucky:rainbow_sword",
								"category": "equipment"
							},
							"components": {
								"minecraft:max_stack_size": 1,
								"minecraft:use_duration": 3600,
								"minecraft:hand_equipped": true,
								"minecraft:durability": {
									"max_durability": 1200
								},
								"minecraft:mining_speed": 1.5,
								"minecraft:damage": 19,
								"minecraft:enchantable": {
									"value": 15,
									"slot": "sword"
								},
								"minecraft:can_destroy_in_creative": false,
								"minecraft:digger": {
									"use_efficiency": false,
									"destroy_speeds": [
										{
											"block": "minecraft:web",
											"speed": 15
										},
										{
											"block": "minecraft:bamboo",
											"speed": 10
										}
									]
								},
								"minecraft:icon": {
									"texture": "rainbow_sword"
								},
								"minecraft:display_name": {
									"value": "Rainbow sword"
								},
								"minecraft:creative_category": {
									"parent": "itemGroup.name.sword"
								},
								"minecraft:repairable": {
									"repair_items": [
										{
											"items": [
												"lucky:rainbow_diamond",
												"lucky:rainbow_sword"
											],
											"repair_amount": 15
										}
									]
								}
							}
						},
						"key": "components",
						"children": [
							{
								"data": "1",
								"key": "minecraft:max_stack_size"
							},
							{
								"data": "3600",
								"key": "minecraft:use_duration"
							},
							{
								"data": "true",
								"key": "minecraft:hand_equipped"
							},
							{
								"key": "minecraft:durability",
								"is_minified": true,
								"children": {
									"max_durability": 1200
								}
							},
							{
								"data": "1.5",
								"key": "minecraft:mining_speed"
							},
							{
								"data": "19",
								"key": "minecraft:damage"
							},
							{
								"key": "minecraft:enchantable",
								"is_minified": true,
								"children": {
									"value": 15,
									"slot": "sword"
								}
							},
							{
								"data": "false",
								"key": "minecraft:can_destroy_in_creative"
							},
							{
								"key": "minecraft:digger",
								"is_minified": true,
								"children": {
									"use_efficiency": false,
									"destroy_speeds": [
										{
											"block": "minecraft:web",
											"speed": 15
										},
										{
											"block": "minecraft:bamboo",
											"speed": 10
										}
									]
								}
							},
							{
								"key": "minecraft:icon",
								"is_minified": true,
								"children": {
									"texture": "rainbow_sword"
								}
							},
							{
								"key": "minecraft:display_name",
								"is_minified": true,
								"children": {
									"value": "Rainbow sword"
								}
							},
							{
								"key": "minecraft:creative_category",
								"is_minified": true,
								"children": {
									"parent": "itemGroup.name.sword"
								}
							},
							{
								"key": "minecraft:repairable",
								"children": [
									{
										"key": "repair_items",
										"children": [
											{
												"open": [
													{
														"items": [
															"lucky:rainbow_diamond",
															"lucky:rainbow_sword"
														],
														"repair_amount": 15
													}
												],
												"children": [
													{
														"open": {
															"items": [
																"lucky:rainbow_diamond",
																"lucky:rainbow_sword"
															],
															"repair_amount": 15
														},
														"key": "items",
														"is_minified": true,
														"children": [
															"lucky:rainbow_diamond",
															"lucky:rainbow_sword"
														]
													},
													{
														"data": "15",
														"key": "repair_amount"
													}
												]
											}
										]
									}
								]
							}
						]
					}
				]
			}
		]
	}
}