{
	"file_path": "C:\\Users\\jony1\\AppData\\Local\\Packages\\Microsoft.MinecraftUWP_8wekyb3d8bbwe\\LocalState\\games\\com.mojang\\development_behavior_packs\\LuckyBlockLucky\\items\\star.json",
	"file_type": "item",
	"format_version": 1,
	"file_uuid": "21ff7ed7_2700_4d35_98dd_caf9fc170c74",
	"file_version": 1,
	"cache_content": {
		"children": [
			{
				"data": "1.16.100",
				"key": "format_version"
			},
			{
				"open": {
					"format_version": "1.16.100",
					"minecraft:item": {
						"description": {
							"identifier": "lucky:star",
							"category": "equipment"
						},
						"components": {
							"minecraft:stacked_by_data": true,
							"minecraft:use_duration": 1.6,
							"minecraft:foil": false,
							"minecraft:food": {
								"nutrition": 4,
								"saturation_modifier": "normal",
								"can_always_eat": true,
								"on_consume": {
									"event": "consumed",
									"target": "self"
								}
							},
							"minecraft:icon": {
								"texture": "star"
							},
							"minecraft:display_name": {
								"value": "Star"
							},
							"minecraft:creative_category": {
								"parent": "itemGroup.name.miscFood"
							},
							"minecraft:use_animation": "eat"
						},
						"events": {
							"consumed": {
								"sequence": [
									{
										"add_mob_effect": {
											"effect": "night_vision",
											"duration": 30,
											"amplifier": 1,
											"target": "holder"
										}
									},
									{
										"add_mob_effect": {
											"effect": "regeneration",
											"duration": 30,
											"amplifier": 1,
											"target": "holder"
										}
									},
									{
										"add_mob_effect": {
											"effect": "speed",
											"duration": 30,
											"amplifier": 1,
											"target": "holder"
										}
									},
									{
										"add_mob_effect": {
											"effect": "strength",
											"duration": 30,
											"amplifier": 1,
											"target": "holder"
										}
									}
								]
							}
						}
					}
				},
				"key": "minecraft:item",
				"children": [
					{
						"open": {
							"description": {
								"identifier": "lucky:star",
								"category": "equipment"
							},
							"components": {
								"minecraft:stacked_by_data": true,
								"minecraft:use_duration": 1.6,
								"minecraft:foil": false,
								"minecraft:food": {
									"nutrition": 4,
									"saturation_modifier": "normal",
									"can_always_eat": true,
									"on_consume": {
										"event": "consumed",
										"target": "self"
									}
								},
								"minecraft:icon": {
									"texture": "star"
								},
								"minecraft:display_name": {
									"value": "Star"
								},
								"minecraft:creative_category": {
									"parent": "itemGroup.name.miscFood"
								},
								"minecraft:use_animation": "eat"
							},
							"events": {
								"consumed": {
									"sequence": [
										{
											"add_mob_effect": {
												"effect": "night_vision",
												"duration": 30,
												"amplifier": 1,
												"target": "holder"
											}
										},
										{
											"add_mob_effect": {
												"effect": "regeneration",
												"duration": 30,
												"amplifier": 1,
												"target": "holder"
											}
										},
										{
											"add_mob_effect": {
												"effect": "speed",
												"duration": 30,
												"amplifier": 1,
												"target": "holder"
											}
										},
										{
											"add_mob_effect": {
												"effect": "strength",
												"duration": 30,
												"amplifier": 1,
												"target": "holder"
											}
										}
									]
								}
							}
						},
						"key": "description",
						"is_minified": true,
						"children": {
							"identifier": "lucky:star",
							"category": "equipment"
						}
					},
					{
						"open": {
							"description": {
								"identifier": "lucky:star",
								"category": "equipment"
							},
							"components": {
								"minecraft:stacked_by_data": true,
								"minecraft:use_duration": 1.6,
								"minecraft:foil": false,
								"minecraft:food": {
									"nutrition": 4,
									"saturation_modifier": "normal",
									"can_always_eat": true,
									"on_consume": {
										"event": "consumed",
										"target": "self"
									}
								},
								"minecraft:icon": {
									"texture": "star"
								},
								"minecraft:display_name": {
									"value": "Star"
								},
								"minecraft:creative_category": {
									"parent": "itemGroup.name.miscFood"
								},
								"minecraft:use_animation": "eat"
							},
							"events": {
								"consumed": {
									"sequence": [
										{
											"add_mob_effect": {
												"effect": "night_vision",
												"duration": 30,
												"amplifier": 1,
												"target": "holder"
											}
										},
										{
											"add_mob_effect": {
												"effect": "regeneration",
												"duration": 30,
												"amplifier": 1,
												"target": "holder"
											}
										},
										{
											"add_mob_effect": {
												"effect": "speed",
												"duration": 30,
												"amplifier": 1,
												"target": "holder"
											}
										},
										{
											"add_mob_effect": {
												"effect": "strength",
												"duration": 30,
												"amplifier": 1,
												"target": "holder"
											}
										}
									]
								}
							}
						},
						"key": "components",
						"is_minified": true,
						"children": {
							"minecraft:stacked_by_data": true,
							"minecraft:use_duration": 1.6,
							"minecraft:foil": false,
							"minecraft:food": {
								"nutrition": 4,
								"saturation_modifier": "normal",
								"can_always_eat": true,
								"on_consume": {
									"event": "consumed",
									"target": "self"
								}
							},
							"minecraft:icon": {
								"texture": "star"
							},
							"minecraft:display_name": {
								"value": "Star"
							},
							"minecraft:creative_category": {
								"parent": "itemGroup.name.miscFood"
							},
							"minecraft:use_animation": "eat"
						}
					},
					{
						"open": {
							"description": {
								"identifier": "lucky:star",
								"category": "equipment"
							},
							"components": {
								"minecraft:stacked_by_data": true,
								"minecraft:use_duration": 1.6,
								"minecraft:foil": false,
								"minecraft:food": {
									"nutrition": 4,
									"saturation_modifier": "normal",
									"can_always_eat": true,
									"on_consume": {
										"event": "consumed",
										"target": "self"
									}
								},
								"minecraft:icon": {
									"texture": "star"
								},
								"minecraft:display_name": {
									"value": "Star"
								},
								"minecraft:creative_category": {
									"parent": "itemGroup.name.miscFood"
								},
								"minecraft:use_animation": "eat"
							},
							"events": {
								"consumed": {
									"sequence": [
										{
											"add_mob_effect": {
												"effect": "night_vision",
												"duration": 30,
												"amplifier": 1,
												"target": "holder"
											}
										},
										{
											"add_mob_effect": {
												"effect": "regeneration",
												"duration": 30,
												"amplifier": 1,
												"target": "holder"
											}
										},
										{
											"add_mob_effect": {
												"effect": "speed",
												"duration": 30,
												"amplifier": 1,
												"target": "holder"
											}
										},
										{
											"add_mob_effect": {
												"effect": "strength",
												"duration": 30,
												"amplifier": 1,
												"target": "holder"
											}
										}
									]
								}
							}
						},
						"key": "events",
						"children": [
							{
								"open": {
									"consumed": {
										"sequence": [
											{
												"add_mob_effect": {
													"effect": "night_vision",
													"duration": 30,
													"amplifier": 1,
													"target": "holder"
												}
											},
											{
												"add_mob_effect": {
													"effect": "regeneration",
													"duration": 30,
													"amplifier": 1,
													"target": "holder"
												}
											},
											{
												"add_mob_effect": {
													"effect": "speed",
													"duration": 30,
													"amplifier": 1,
													"target": "holder"
												}
											},
											{
												"add_mob_effect": {
													"effect": "strength",
													"duration": 30,
													"amplifier": 1,
													"target": "holder"
												}
											}
										]
									}
								},
								"key": "consumed",
								"children": [
									{
										"key": "sequence",
										"children": [
											{
												"children": [
													{
														"open": {
															"add_mob_effect": {
																"effect": "night_vision",
																"duration": 30,
																"amplifier": 1,
																"target": "holder"
															}
														},
														"key": "add_mob_effect",
														"is_minified": true,
														"children": {
															"effect": "night_vision",
															"duration": 30,
															"amplifier": 1,
															"target": "holder"
														}
													}
												]
											},
											{
												"children": [
													{
														"open": {
															"add_mob_effect": {
																"effect": "regeneration",
																"duration": 30,
																"amplifier": 1,
																"target": "holder"
															}
														},
														"key": "add_mob_effect",
														"is_minified": true,
														"children": {
															"effect": "regeneration",
															"duration": 30,
															"amplifier": 1,
															"target": "holder"
														}
													}
												]
											},
											{
												"children": [
													{
														"open": {
															"add_mob_effect": {
																"effect": "speed",
																"duration": 30,
																"amplifier": 1,
																"target": "holder"
															}
														},
														"key": "add_mob_effect",
														"is_minified": true,
														"children": {
															"effect": "speed",
															"duration": 30,
															"amplifier": 1,
															"target": "holder"
														}
													}
												]
											},
											{
												"children": [
													{
														"open": {
															"add_mob_effect": {
																"effect": "strength",
																"duration": 30,
																"amplifier": 1,
																"target": "holder"
															}
														},
														"key": "add_mob_effect",
														"is_minified": true,
														"children": {
															"effect": "strength",
															"duration": 30,
															"amplifier": 1,
															"target": "holder"
														}
													}
												]
											}
										]
									}
								]
							}
						]
					}
				]
			}
		]
	}
}