{
  "resource_pack_name": "vanilla",
  "texture_name": "atlas.items",
  "texture_data": {
    "egg_camel": {
      "textures": "textures/items/egg_camel"
    },
    "egg_lion": {
      "textures": "textures/items/egg_lion"
    },
    "egg_penguin": {
      "textures": "textures/items/egg_penguin"
    },
    "egg_tiger": {
      "textures": "textures/items/egg_tiger"
    },
    "egg_elephant": {
      "textures": "textures/items/egg_elephant"
    },
    "egg_deer": {
      "textures": "textures/items/egg_deer"
    },
    "egg_panther": {
      "textures": "textures/items/egg_panther"
    },
    "egg_frog": {
      "textures": "textures/items/egg_frog"
    },
    "egg_crocodile": {
      "textures": "textures/items/egg_crocodile"
    },
    "egg_mouse": {
      "textures": "textures/items/egg_mouse"
    },
    "gallardo": {
      "textures": "textures/items/gallardo"
    },
    "bench": {
      "textures": "textures/items/bench"
    },
    "christmas_tree": {
      "textures": "textures/items/christmas_tree"
    },
    "tivi": {
      "textures": "textures/items/tivi"
    },
    "closet": {
      "textures": "textures/items/closet"
    },
    "laptop": {
      "textures": "textures/items/laptop"
    },
    "piano": {
      "textures": "textures/items/piano"
    },
    "armchairs": {
      "textures": "textures/items/armchairs"
    },
    "chair": {
      "textures": "textures/items/chair"
    },
    "big_table": {
      "textures": "textures/items/big_table"
    },
    "small_table": {
      "textures": "textures/items/small_table"
    },
    "drone": {
      "textures": "textures/items/drone"
    },
    "colorful_gifts": {
      "textures": "textures/items/colorful_gifts"
    },
    "lucky_lucky_sword": {
      "textures": "textures/items/pamobile/lucky_lucky_sword"
    },
    "lucky:lucky_ingot": {
      "textures": "textures/items/pamobile/lucky_lucky_ingot"
    },
    "lucky_lucky_helmet": {
      "textures": [
        "textures/items/pamobile/lucky_lucky_helmet"
      ]
    },
    "lucky_lucky_leggings": {
      "textures": [
        "textures/items/pamobile/lucky_lucky_leggings"
      ]
    },
    "lucky_lucky_chestplate": {
      "textures": [
        "textures/items/pamobile/lucky_lucky_chestplate"
      ]
    },
    "lucky_lucky_rod": {
      "textures": "textures/items/pamobile/lucky_lucky_rod"
    },
    "lucky_lucky_boots": {
      "textures": [
        "textures/items/pamobile/lucky_lucky_boots"
      ]
    },
    "lucky:shadow_ingot": {
      "textures": "textures/items/pamobile/lucky_shadow_ingot"
    },
    "lucky_shadow_sword": {
      "textures": "textures/items/pamobile/lucky_shadow_sword"
    },
    "lucky_shadow_chestplate": {
      "textures": [
        "textures/items/pamobile/lucky_shadow_chestplate"
      ]
    },
    "lucky_shadow_boots": {
      "textures": [
        "textures/items/pamobile/lucky_shadow_boots"
      ]
    },
    "lucky_shadow_helmet": {
      "textures": [
        "textures/items/pamobile/lucky_shadow_helmet"
      ]
    },
    "lucky_shadow_leggings": {
      "textures": [
        "textures/items/pamobile/lucky_shadow_leggings"
      ]
    },
    "lucky_lucky_pickaxe": {
      "textures": "textures/items/pamobile/lucky_lucky_pickaxe"
    },
    "lucky_lucky_trident": {
      "textures": "textures/items/pamobile/lucky_lucky_trident"
    },
    "lucky_lucky_axe": {
      "textures": "textures/items/pamobile/lucky_lucky_axe"
    },
    "lucky_shadow_hoe": {
      "textures": "textures/items/pamobile/lucky_shadow_hoe"
    },
    "lucky_lucky_hoe": {
      "textures": "textures/items/pamobile/lucky_lucky_hoe"
    },
    "lucky_shadow_shovel": {
      "textures": "textures/items/pamobile/lucky_shadow_shovel"
    },
    "lucky_lucky_shovel": {
      "textures": "textures/items/pamobile/lucky_lucky_shovel"
    },
    "lucky_shadow_scythe": {
      "textures": "textures/items/pamobile/lucky_shadow_scythe"
    },
    "lucky_shadow_pickaxe": {
      "textures": "textures/items/pamobile/lucky_shadow_pickaxe"
    },
    "lucky_shadow_axe": {
      "textures": "textures/items/pamobile/lucky_shadow_axe"
    },
    "lucky:big_tnt": {
      "textures": "textures/items/pamobile/lucky_big_tnt"
    }
  }
}