{
  "format_version": "1.13.0",
  "minecraft:entity": {
    "description": {
      "identifier": "minecraft:armor_stand",
      "is_spawnable": false,
      "is_summonable": true,
      "is_experimental": false
    },
    "component_groups": {
      "miniarmor_stand": {
        "minecraft:scale": {
         "value": 0.5
        }
      }
    },
    "components": {
      "minecraft:type_family": {
        "family": [ "armor_stand", "inanimate", "mob" ]
      },
      "minecraft:collision_box": {
        "width": 0.5,
        "height": 1.975
      },
      "minecraft:health": {
        "value": 6,
        "max": 6
      },
      "minecraft:hurt_on_condition": {
        "damage_conditions": [
          {
            "filters": { "test": "in_lava", "subject": "self", "operator": "==", "value": true },
            "cause": "lava",
            "damage_per_tick": 4
          }
        ]
      },
      "minecraft:loot": {
        "table": "loot_tables/entities/armor_stand.json"
      },
      "minecraft:nameable": {
      },
      "minecraft:persistent": {
      },
      "minecraft:physics": {
      },
      "minecraft:pushable": {
        "is_pushable": false,
        "is_pushable_by_piston": true
      }
    },

    "events": {
      "miniarmor_stand":{
        "add": {
          "component_groups": [ "miniarmor_stand" ]
        }
      }
    }
  }
}