{
  "format_version": "1.13.0",
  "minecraft:feature_rules": {
    "description": {
      "identifier": "overworld_underground_lucky_loot_jungle_lucky_block_feature_1_17",
      "places_feature": "lucky_loot_jungle_lucky_block_feature"
    },
    "conditions": {
      "placement_pass": "underground_pass",
      "minecraft:biome_filter": [
        {
          "any_of": [
            {
              "test": "has_biome_tag",
              "operator": "==",
              "value": "jungle"
            },
            {
              "test": "has_biome_tag",
              "operator": "==",
              "value": "jungle_hills"
            },
            {
              "test": "has_biome_tag",
              "operator": "==",
              "value": "jungle_mutated"
            },
            {
              "test": "has_biome_tag",
              "operator": "==",
              "value": "jungle_edge"
            },
            {
              "test": "has_biome_tag",
              "operator": "==",
              "value": "jungle_edge_mutated"
            },
            {
              "test": "has_biome_tag",
              "operator": "==",
              "value": "bamboo_jungle"
            },
            {
              "test": "has_biome_tag",
              "operator": "==",
              "value": "bamboo_jungle_hills"
            }
          ]
        }
      ]
    },
    "distribution": {
      "iterations": 7,
      "coordinate_eval_order": "zyx",
      "x": {
        "distribution": "uniform",
        "extent": [
          0,
          16
        ]
      },
      "y": {
        "distribution": "uniform",
        "extent": [
          0,
          38
        ]
      },
      "z": {
        "distribution": "uniform",
        "extent": [
          0,
          16
        ]
      }
    }
  }
}