{
  "format_version": "1.10.0",
  "animation_controllers": {
    "controller.animation.null": {
      "states": {
        "default": {
          "transitions": [
            {
              "null": "(1.0)"
            }
          ],
          "on_entry": [
            "/function Null"

          ]
        },
        "null": {
          "transitions": [
            {
              "default": "(1.0)"
            }
          ],
          "on_entry": [
            "/function Null"
          ]
        }
      }
    }
  }
}