{
  "format_version": "1.10.0",
  "animation_controllers": {
    "controller.animation.NyanCats": {
      "states": {
        "default": {
          "transitions": [
            {
              "NyanCats": "(1.0)"
            }
          ],
          "on_entry": [
            "/function NyanCatsft"

          ]
        },
        "NyanCats": {
          "transitions": [
            {
              "default": "(1.0)"
            }
          ],
          "on_entry": [
            "/function NyanCatsft"
          ]
        }
      }
    }
  }
}