{
  "format_version": "1.10.0",
  "animation_controllers": {
    "controller.animation.skysword": {
      "states": {
        "default": {
          "transitions": [
            {
              "skysword": "(1.0)"
            }
          ],
          "on_entry": [
            "/function skysword"

          ]
        },
        "skysword": {
          "transitions": [
            {
              "default": "(1.0)"
            }
          ],
          "on_entry": [
            "/function skysword"
          ]
        }
      }
    }
  }
}