{
  "format_version": "1.10.0",
  "animation_controllers": {
    "controller.animation.tombsword": {
      "states": {
        "default": {
          "transitions": [
            {
              "tombsword": "(1.0)"
            }
          ],
          "on_entry": [
            "/function tombsword"

          ]
        },
        "tombsword": {
          "transitions": [
            {
              "default": "(1.0)"
            }
          ],
          "on_entry": [
            "/function tombsword"
          ]
        }
      }
    }
  }
}