{
  "format_version": "1.10.0",
  "animation_controllers": {
    "controller.animation.whitersword": {
      "states": {
        "default": {
          "transitions": [
            {
              "whitersword": "(1.0)"
            }
          ],
          "on_entry": [
            "/function whitersword"

          ]
        },
        "whitersword": {
          "transitions": [
            {
              "default": "(1.0)"
            }
          ],
          "on_entry": [
            "/function whitersword"
          ]
        }
      }
    }
  }
}