{
	"pools": [
		{
			"rolls": 4,
			"entries": [
				{
					"type": "item",
					"weight": 1,
					"name": "minecraft:cooked_beef",
					"functions": [
						{
							"function": "set_count",
							"count": {
								"min": 7,
								"max": 14
							}
						}
					]
				},
				{
					"type": "item",
					"weight": 1,
					"name": "minecraft:cooked_chicken",
					"functions": [
						{
							"function": "set_count",
							"count": {
								"min": 7,
								"max": 14
							}
						}
					]
				},
				{
					"type": "item",
					"weight": 1,
					"name": "minecraft:cooked_porkchop",
					"functions": [
						{
							"function": "set_count",
							"count": {
								"min": 7,
								"max": 14
							}
						}
					]
				},
				{
					"type": "item",
					"weight": 1,
					"name": "minecraft:cooked_mutton",
					"functions": [
						{
							"function": "set_count",
							"count": {
								"min": 7,
								"max": 14
							}
						}
					]
				}
			]
		}
	]
}