{
	"pools": [
		{
			"rolls": 2,
			"entries": [
				{
					"type": "item",
					"weight": 1,
					"name": "minecraft:purpur_block",
					"functions": [
						{
							"function": "set_count",
							"count": {
								"min": 9,
								"max": 21
							}
						}
					]
				},
				{
					"type": "item",
					"weight": 1,
					"name": "minecraft:purpur_block:2",
					"functions": [
						{
							"function": "set_count",
							"count": {
								"min": 9,
								"max": 21
							}
						}
					]
				}
			]
		}
	]
}