{
	"pools": [
		{
			"rolls": 2,
			"entries": [
				{
					"type": "item",
					"weight": 1,
					"name": "minecraft:quartz",
					"functions": [
						{
							"function": "set_count",
							"count": {
								"min": 14,
								"max": 28
							}
						}
					]
				},
				{
					"type": "item",
					"weight": 1,
					"name": "minecraft:gold_nugget",
					"functions": [
						{
							"function": "set_count",
							"count": {
								"min": 23,
								"max": 41
							}
						}
					]
				}
			]
		}
	]
}