{
	"pools": [
		{
			"rolls": 4,
			"entries": [
				{
					"type": "item",
					"weight": 1,
					"name": "minecraft:lever",
					"functions": [
						{
							"function": "set_count",
							"count": {
								"min": 7,
								"max": 14
							}
						}
					]
				},
				{
					"type": "item",
					"weight": 1,
					"name": "minecraft:stone_button",
					"functions": [
						{
							"function": "set_count",
							"count": {
								"min": 7,
								"max": 14
							}
						}
					]
				},
				{
					"type": "item",
					"weight": 1,
					"name": "minecraft:wooden_button",
					"functions": [
						{
							"function": "set_count",
							"count": {
								"min": 7,
								"max": 14
							}
						}
					]
				},
				{
					"type": "item",
					"weight": 1,
					"name": "minecraft:wooden_pressure_plate",
					"functions": [
						{
							"function": "set_count",
							"count": {
								"min": 7,
								"max": 14
							}
						}
					]
				}
			]
		}
	]
}