{
	"pools": [
		{
			"rolls": 4,
			"entries": [
				{
					"type": "item",
					"weight": 1,
					"name": "minecraft:firework_rocket",
					"functions": [
						{
							"function": "set_count",
							"count": {
								"min": 7,
								"max": 14
							}
						}
					]
				},
				{
					"type": "item",
					"weight": 1,
					"name": "minecraft:bucket",
					"functions": [
						{
							"function": "set_count",
							"count": {
								"min": 1,
								"max": 2
							}
						}
					]
				},
				{
					"type": "item",
					"weight": 1,
					"name": "minecraft:name_tag",
					"functions": [
						{
							"function": "set_count",
							"count": {
								"min": 1,
								"max": 2
							}
						}
					]
				},
				{
					"type": "item",
					"weight": 1,
					"name": "minecraft:flint_and_steel",
					"functions": [
						{
							"function": "set_count",
							"count": {
								"min": 1,
								"max": 2
							}
						}
					]
				}
			]
		}
	]
}