{
	"format_version": "1.8.0",
	"animations": {
		"animation.hold": {
			"loop": true,
			"bones": {
				"stick": {
					"rotation": [0, 0, 0],
					"position": [0, 0, 0]
				},
				"stick2": {
					"rotation": [0, 0, 0]
				}
			}
		},
		"animation.first_person.hold": {
			"loop": true,
			"animation_length": 11.96667,
			"bones": {
				"stick": {
					"rotation": [12.5, 60, -105],
					"position": [57, 7, 80]
				},
				"stick2": {
					"rotation": [-2.5, 0, 0],
					"scale": 2
				}
			}
		},
		"animation.player.first_person_attack.marvelous_magenta_masher": {
			"loop": true,
			"animation_length": 0.28,
			"bones": {
				"stick": {
					"rotation": {
						"0.0": [0, 0, 0],
						"0.0833": [25, 0, "math.sin(variable.first_person_rotation_factor * variable.attack_time * 100) * 1 -50 "],
						"0.1667": [40, 0, -30],
						"0.2833": [0, 0, 0]
					},
					"position": [0, 0, -39],
					"scale": 2
				}
			}
		}
	}
}