{
  "format_version": "1.16.100",
  "minecraft:item": {
    "description": {
      "identifier": "lucky:shadow_boots",
      "category": "Equipment"
    },
    "components": {
      "minecraft:icon": {
        "texture": "lucky_shadow_boots"
      },
      "minecraft:creative_category": {
        "parent": "itemGroup.name.boots"
      },
      "minecraft:max_stack_size": 1,
      "minecraft:enchantable": {
        "value": 10,
        "slot": "armor_feet"
      },
      "minecraft:durability": {
        "max_durability": 721,
        "damage_chance": {
          "min": 60,
          "max": 100
        }
      },
      "minecraft:knockback_resistance": {
        "protection": 0.3
      },
      "minecraft:mining_speed": 5,
      "minecraft:foil": false,
      "minecraft:hand_equipped": false,
      "minecraft:wearable": {
        "slot": "slot.armor.feet"
      },
      "minecraft:render_offsets": "boots",
      "minecraft:repairable": {
        "repair_items": [
          {
            "items": [
              "lucky:shadow_boots",
              "lucky:shadow_boots"
            ],
            "repair_amount": 300
          },
          {
            "items": [
              "lucky:shadow_ingot",
              "lucky:shadow_boots"
            ],
            "repair_amount": 100
          }
        ]
      },
      "minecraft:armor": {
        "protection": 6
      },
      "minecraft:display_name": {}
    }
  }
}