{
  "format_version": "1.16.100",
  "minecraft:item": {
    "description": {
      "identifier": "lucky:lucky_helmet",
      "category": "Equipment"
    },
    "components": {
      "minecraft:icon": {
        "texture": "lucky_lucky_helmet"
      },
      "minecraft:creative_category": {
        "parent": "itemGroup.name.helmet"
      },
      "minecraft:max_stack_size": 1,
      "minecraft:enchantable": {
        "value": 10,
        "slot": "armor_head"
      },
      "minecraft:durability": {
        "max_durability": 1236,
        "damage_chance": {
          "min": 60,
          "max": 100
        }
      },
      "minecraft:knockback_resistance": {
        "protection": 1.5
      },
      "minecraft:mining_speed": 5,
      "minecraft:foil": false,
      "minecraft:hand_equipped": false,
      "minecraft:wearable": {
        "slot": "slot.armor.head"
      },
      "minecraft:render_offsets": "helmets",
      "minecraft:repairable": {
        "repair_items": [
          {
            "items": [
              "lucky:lucky_helmet",
              "lucky:lucky_helmet"
            ],
            "repair_amount": 500
          },
          {
            "items": [
              "lucky:lucky_ingot",
              "lucky:lucky_helmet"
            ],
            "repair_amount": 200
          }
        ]
      },
      "minecraft:armor": {
        "protection": 8
      },
      "minecraft:display_name": {}
    }
  }
}