{
  "format_version": "1.16.100",
  "minecraft:item": {
    "description": {
      "category": "equipment",
      "identifier": "lucky:shadow_shovel"
    },
    "components": {
      "minecraft:icon": {
        "texture": "lucky_shadow_shovel"
      },
      "minecraft:creative_category": {
        "parent": "itemGroup.name.shovel"
      },
      "minecraft:max_stack_size": 1,
      "minecraft:hand_equipped": true,
      "minecraft:allow_off_hand": true,
      "minecraft:foil": false,
      "minecraft:durability": {
        "max_durability": 3024,
        "damage_chance": {
          "min": 60,
          "max": 100
        }
      },
      "minecraft:repairable": {
        "repair_items": [
          {
            "items": [
              "lucky:shadow_ingot"
            ],
            "repair_amount": 300
          },
          {
            "items": [
              "lucky:shadow_hoe"
            ],
            "repair_amount": 1500
          },
          {
            "items": [
              "lucky:shadow_shovel"
            ],
            "repair_amount": "context.other->query.remaining_durability + 0.2 * context.other->query.max_durability"
          }
        ]
      },
      "minecraft:mining_speed": 1,
      "minecraft:damage": 7,
      "minecraft:enchantable": {
        "value": 15,
        "slot": "shovel"
      },
      "minecraft:can_destroy_in_creative": true,
      "minecraft:digger": {
        "use_efficiency": true,
        "destroy_speeds": [
          {
            "block": "minecraft:grass",
            "speed": 20,
            "on_dig": {
              "event": "hurt"
            }
          },
          {
            "block": "minecraft:grass_path",
            "speed": 20,
            "on_dig": {
              "event": "hurt"
            }
          },
          {
            "block": "minecraft:mycelium",
            "speed": 20,
            "on_dig": {
              "event": "hurt"
            }
          },
          {
            "block": "minecraft:podzol",
            "speed": 20,
            "on_dig": {
              "event": "hurt"
            }
          },
          {
            "block": "minecraft:sand",
            "speed": 20,
            "on_dig": {
              "event": "hurt"
            }
          },
          {
            "block": "minecraft:snow",
            "speed": 20,
            "on_dig": {
              "event": "hurt"
            }
          },
          {
            "block": "minecraft:snow_layer",
            "speed": 20,
            "on_dig": {
              "event": "hurt"
            }
          },
          {
            "block": "minecraft:soul_sand",
            "speed": 20,
            "on_dig": {
              "event": "hurt"
            }
          },
          {
            "block": "minecraft:soul_soil",
            "speed": 20,
            "on_dig": {
              "event": "hurt"
            }
          },
          {
            "block": "minecraft:concretepowder",
            "speed": 20,
            "on_dig": {
              "event": "hurt"
            }
          },
          {
            "block": "minecraft:moss_block",
            "speed": 20,
            "on_dig": {
              "event": "hurt"
            }
          },
          {
            "block": "minecraft:moss_carpet",
            "speed": 20,
            "on_dig": {
              "event": "hurt"
            }
          },
          {
            "block": "minecraft:clay",
            "speed": 20,
            "on_dig": {
              "event": "hurt"
            }
          },
          {
            "block": "minecraft:gravel",
            "speed": 20,
            "on_dig": {
              "event": "hurt"
            }
          },
          {
            "block": "minecraft:rooted_dirt",
            "speed": 20,
            "on_dig": {
              "event": "hurt"
            }
          },
          {
            "block": "minecraft:dirt",
            "speed": 20,
            "on_dig": {
              "event": "hurt"
            }
          }
        ]
      },
      "minecraft:weapon": {
        "on_hurt_entity": {
          "event": "hurt"
        },
        "on_not_hurt_entity": {
          "event": "hurt"
        },
        "on_hit_block": {
          "event": "hurt"
        }
      },
      "minecraft:render_offsets": {
        "main_hand": {
          "third_person": {
            "scale": [
              0.1,
              0.1,
              0.1
            ]
          },
          "first_person": {
            "scale": [
              0.037999999999977205,
              0.037999999999977205,
              0.037999999999977205
            ]
          }
        },
        "off_hand": {
          "third_person": {
            "scale": [
              0.1,
              0.1,
              0.1
            ]
          },
          "first_person": {
            "scale": [
              0.037999999999977205,
              0.037999999999977205,
              0.037999999999977205
            ]
          }
        }
      },
      "tag:minecraft:is_shovel": {},
      "minecraft:display_name": {}
    },
    "events": {
      "on_use_event": {
        "sequence": [
          {
            "damage": {
              "type": "magic",
              "amount": 1,
              "target": "self"
            }
          }
        ]
      },
      "hurt": {
        "damage": {
          "type": "magic",
          "amount": 1,
          "target": "self"
        }
      }
    }
  }
}