{
  "format_version": "1.16.100",
  "minecraft:item": {
    "description": {
      "category": "equipment",
      "identifier": "lucky:lucky_hoe"
    },
    "components": {
      "minecraft:icon": {
        "texture": "lucky_lucky_hoe"
      },
      "minecraft:creative_category": {
        "parent": "itemGroup.name.hoe"
      },
      "minecraft:max_stack_size": 1,
      "minecraft:hand_equipped": true,
      "minecraft:allow_off_hand": true,
      "minecraft:foil": false,
      "minecraft:durability": {
        "max_durability": 4123,
        "damage_chance": {
          "min": 60,
          "max": 100
        }
      },
      "minecraft:repairable": {
        "repair_items": [
          {
            "items": [
              "lucky:lucky_hoe"
            ],
            "repair_amount": 2000
          },
          {
            "items": [
              "lucky:lucky_ingot"
            ],
            "repair_amount": 4000
          },
          {
            "items": [
              "lucky:lucky_hoe"
            ],
            "repair_amount": "context.other->query.remaining_durability + 0.2 * context.other->query.max_durability"
          }
        ]
      },
      "minecraft:mining_speed": 1,
      "minecraft:damage": 13,
      "minecraft:enchantable": {
        "value": 15,
        "slot": "hoe"
      },
      "minecraft:can_destroy_in_creative": true,
      "minecraft:digger": {
        "use_efficiency": true,
        "destroy_speeds": [
          {
            "block": "minecraft:azalea_leaves",
            "speed": 20,
            "on_dig": {
              "event": "hurt"
            }
          },
          {
            "block": "minecraft:azalea_leaves_flowered",
            "speed": 20,
            "on_dig": {
              "event": "hurt"
            }
          },
          {
            "block": "minecraft:hay_block",
            "speed": 20,
            "on_dig": {
              "event": "hurt"
            }
          },
          {
            "block": "minecraft:leaves",
            "speed": 20,
            "on_dig": {
              "event": "hurt"
            }
          },
          {
            "block": "minecraft:leaves2",
            "speed": 20,
            "on_dig": {
              "event": "hurt"
            }
          },
          {
            "block": "minecraft:nether_wart_block",
            "speed": 20,
            "on_dig": {
              "event": "hurt"
            }
          },
          {
            "block": "minecraft:shroomlight",
            "speed": 20,
            "on_dig": {
              "event": "hurt"
            }
          },
          {
            "block": "minecraft:warped_wart_block",
            "speed": 20,
            "on_dig": {
              "event": "hurt"
            }
          }
        ]
      },
      "minecraft:weapon": {
        "on_hurt_entity": {
          "event": "hurt"
        },
        "on_not_hurt_entity": {
          "event": "hurt"
        },
        "on_hit_block": {
          "event": "hurt"
        }
      },
      "minecraft:render_offsets": {
        "main_hand": {
          "third_person": {
            "scale": [
              0.1,
              0.1,
              0.1
            ]
          },
          "first_person": {
            "scale": [
              0.037999999999977205,
              0.037999999999977205,
              0.037999999999977205
            ]
          }
        },
        "off_hand": {
          "third_person": {
            "scale": [
              0.1,
              0.1,
              0.1
            ]
          },
          "first_person": {
            "scale": [
              0.037999999999977205,
              0.037999999999977205,
              0.037999999999977205
            ]
          }
        }
      },
      "tag:minecraft:is_hoe": {},
      "minecraft:display_name": {}
    },
    "events": {
      "on_use_event": {
        "sequence": [
          {
            "damage": {
              "type": "magic",
              "amount": 1,
              "target": "self"
            }
          }
        ]
      },
      "hurt": {
        "damage": {
          "type": "magic",
          "amount": 1,
          "target": "self"
        }
      }
    }
  }
}