{
  "format_version": "1.16.100",
  "minecraft:item": {
    "description": {
      "category": "equipment",
      "identifier": "lucky:shadow_pickaxe"
    },
    "components": {
      "minecraft:icon": {
        "texture": "lucky_shadow_pickaxe"
      },
      "minecraft:creative_category": {
        "parent": "itemGroup.name.pickaxe"
      },
      "minecraft:max_stack_size": 1,
      "minecraft:hand_equipped": true,
      "minecraft:allow_off_hand": true,
      "minecraft:foil": false,
      "minecraft:durability": {
        "max_durability": 3536,
        "damage_chance": {
          "min": 60,
          "max": 100
        }
      },
      "minecraft:repairable": {
        "repair_items": [
          {
            "items": [
              "lucky:shadow_ingot"
            ],
            "repair_amount": 300
          },
          {
            "items": [
              "lucky:shadow_pickaxe"
            ],
            "repair_amount": 1500
          },
          {
            "items": [
              "lucky:shadow_pickaxe"
            ],
            "repair_amount": "context.other->query.remaining_durability + 0.2 * context.other->query.max_durability"
          }
        ]
      },
      "minecraft:mining_speed": 1,
      "minecraft:damage": 8,
      "minecraft:enchantable": {
        "value": 15,
        "slot": "pickaxe"
      },
      "minecraft:can_destroy_in_creative": true,
      "minecraft:digger": {
        "use_efficiency": true,
        "destroy_speeds": [
          {
            "block": "minecraft:coal_ore",
            "speed": 20,
            "on_dig": {
              "event": "hurt"
            }
          },
          {
            "block": "minecraft:diamond_ore",
            "speed": 20,
            "on_dig": {
              "event": "hurt"
            }
          },
          {
            "block": "minecraft:emerald_ore",
            "speed": 20,
            "on_dig": {
              "event": "hurt"
            }
          },
          {
            "block": "minecraft:gold_ore",
            "speed": 20,
            "on_dig": {
              "event": "hurt"
            }
          },
          {
            "block": "minecraft:iron_ore",
            "speed": 20,
            "on_dig": {
              "event": "hurt"
            }
          },
          {
            "block": "minecraft:lapis_ore",
            "speed": 20,
            "on_dig": {
              "event": "hurt"
            }
          },
          {
            "block": "minecraft:quartz_ore",
            "speed": 20,
            "on_dig": {
              "event": "hurt"
            }
          },
          {
            "block": "minecraft:redstone_ore",
            "speed": 20,
            "on_dig": {
              "event": "hurt"
            }
          },
          {
            "block": "lucky:shadow_block",
            "speed": 20,
            "on_dig": {
              "event": "hurt"
            }
          },
          {
            "block": "lucky:lucky_ingot_block",
            "speed": 20,
            "on_dig": {
              "event": "hurt"
            }
          },
          {
            "block": "minecraft:amethyst_block",
            "speed": 20,
            "on_dig": {
              "event": "hurt"
            }
          },
          {
            "block": "minecraft:copper_block",
            "speed": 20,
            "on_dig": {
              "event": "hurt"
            }
          },
          {
            "block": "minecraft:raw_copper_block",
            "speed": 20,
            "on_dig": {
              "event": "hurt"
            }
          },
          {
            "block": "minecraft:raw_gold_block",
            "speed": 20,
            "on_dig": {
              "event": "hurt"
            }
          },
          {
            "block": "minecraft:raw_iron_block",
            "speed": 20,
            "on_dig": {
              "event": "hurt"
            }
          },
          {
            "block": "minecraft:budding_amethyst",
            "speed": 20,
            "on_dig": {
              "event": "hurt"
            }
          },
          {
            "block": "minecraft:calcite",
            "speed": 20,
            "on_dig": {
              "event": "hurt"
            }
          },
          {
            "block": "minecraft:chiseled_deepslate",
            "speed": 20,
            "on_dig": {
              "event": "hurt"
            }
          },
          {
            "block": "minecraft:cobbled_deepslate",
            "speed": 20,
            "on_dig": {
              "event": "hurt"
            }
          },
          {
            "block": "minecraft:cobbled_deepslate_slab",
            "speed": 20,
            "on_dig": {
              "event": "hurt"
            }
          },
          {
            "block": "minecraft:cobbled_deepslate_stairs",
            "speed": 20,
            "on_dig": {
              "event": "hurt"
            }
          },
          {
            "block": "minecraft:cobbled_deepslate_wall",
            "speed": 20,
            "on_dig": {
              "event": "hurt"
            }
          },
          {
            "block": "minecraft:copper_ore",
            "speed": 20,
            "on_dig": {
              "event": "hurt"
            }
          },
          {
            "block": "minecraft:cracked_deepslate_bricks",
            "speed": 20,
            "on_dig": {
              "event": "hurt"
            }
          },
          {
            "block": "minecraft:cracked_deepslate_tiles",
            "speed": 20,
            "on_dig": {
              "event": "hurt"
            }
          },
          {
            "block": "minecraft:deepslate",
            "speed": 20,
            "on_dig": {
              "event": "hurt"
            }
          },
          {
            "block": "minecraft:deepslate_brick_slab",
            "speed": 20,
            "on_dig": {
              "event": "hurt"
            }
          },
          {
            "block": "minecraft:deepslate_brick_stairs",
            "speed": 20,
            "on_dig": {
              "event": "hurt"
            }
          },
          {
            "block": "minecraft:deepslate_brick_wall",
            "speed": 20,
            "on_dig": {
              "event": "hurt"
            }
          },
          {
            "block": "minecraft:deepslate_bricks",
            "speed": 20,
            "on_dig": {
              "event": "hurt"
            }
          },
          {
            "block": "minecraft:deepslate_coal_ore",
            "speed": 20,
            "on_dig": {
              "event": "hurt"
            }
          },
          {
            "block": "minecraft:deepslate_copper_ore",
            "speed": 20,
            "on_dig": {
              "event": "hurt"
            }
          },
          {
            "block": "minecraft:deepslate_diamond_ore",
            "speed": 20,
            "on_dig": {
              "event": "hurt"
            }
          },
          {
            "block": "minecraft:deepslate_emerald_ore",
            "speed": 20,
            "on_dig": {
              "event": "hurt"
            }
          },
          {
            "block": "minecraft:deepslate_gold_ore",
            "speed": 20,
            "on_dig": {
              "event": "hurt"
            }
          },
          {
            "block": "minecraft:deepslate_iron_ore",
            "speed": 20,
            "on_dig": {
              "event": "hurt"
            }
          },
          {
            "block": "minecraft:deepslate_lapis_ore",
            "speed": 20,
            "on_dig": {
              "event": "hurt"
            }
          },
          {
            "block": "minecraft:deepslate_redstone_ore",
            "speed": 20,
            "on_dig": {
              "event": "hurt"
            }
          },
          {
            "block": "minecraft:deepslate_tile_slab",
            "speed": 20,
            "on_dig": {
              "event": "hurt"
            }
          },
          {
            "block": "minecraft:deepslate_tile_stairs",
            "speed": 20,
            "on_dig": {
              "event": "hurt"
            }
          },
          {
            "block": "minecraft:deepslate_tile_wall",
            "speed": 20,
            "on_dig": {
              "event": "hurt"
            }
          },
          {
            "block": "minecraft:deepslate_tiles",
            "speed": 20,
            "on_dig": {
              "event": "hurt"
            }
          },
          {
            "block": "minecraft:dripstone_block",
            "speed": 20,
            "on_dig": {
              "event": "hurt"
            }
          },
          {
            "block": "minecraft:exposed_copper",
            "speed": 20,
            "on_dig": {
              "event": "hurt"
            }
          },
          {
            "block": "minecraft:exposed_cut_copper",
            "speed": 20,
            "on_dig": {
              "event": "hurt"
            }
          },
          {
            "block": "minecraft:exposed_cut_copper_slab",
            "speed": 20,
            "on_dig": {
              "event": "hurt"
            }
          },
          {
            "block": "minecraft:exposed_cut_copper_stairs",
            "speed": 20,
            "on_dig": {
              "event": "hurt"
            }
          },
          {
            "block": "minecraft:infested_deepslate",
            "speed": 20,
            "on_dig": {
              "event": "hurt"
            }
          },
          {
            "block": "minecraft:large_amethyst_bud",
            "speed": 20,
            "on_dig": {
              "event": "hurt"
            }
          },
          {
            "block": "minecraft:lightning_rod",
            "speed": 20,
            "on_dig": {
              "event": "hurt"
            }
          },
          {
            "block": "minecraft:medium_amethyst_bud",
            "speed": 20,
            "on_dig": {
              "event": "hurt"
            }
          },
          {
            "block": "minecraft:oxidized_copper",
            "speed": 20,
            "on_dig": {
              "event": "hurt"
            }
          },
          {
            "block": "minecraft:oxidized_cut_copper",
            "speed": 20,
            "on_dig": {
              "event": "hurt"
            }
          },
          {
            "block": "minecraft:oxidized_cut_copper_slab",
            "speed": 20,
            "on_dig": {
              "event": "hurt"
            }
          },
          {
            "block": "minecraft:oxidized_cut_copper_stairs",
            "speed": 20,
            "on_dig": {
              "event": "hurt"
            }
          },
          {
            "block": "minecraft:pointed_dripstone",
            "speed": 20,
            "on_dig": {
              "event": "hurt"
            }
          },
          {
            "block": "minecraft:polished_deepslate",
            "speed": 20,
            "on_dig": {
              "event": "hurt"
            }
          },
          {
            "block": "minecraft:polished_deepslate_slab",
            "speed": 20,
            "on_dig": {
              "event": "hurt"
            }
          },
          {
            "block": "minecraft:polished_deepslate_stairs",
            "speed": 20,
            "on_dig": {
              "event": "hurt"
            }
          },
          {
            "block": "minecraft:polished_deepslate_wall",
            "speed": 20,
            "on_dig": {
              "event": "hurt"
            }
          },
          {
            "block": "minecraft:small_amethyst_bud",
            "speed": 20,
            "on_dig": {
              "event": "hurt"
            }
          },
          {
            "block": "minecraft:smooth_basalt",
            "speed": 20,
            "on_dig": {
              "event": "hurt"
            }
          },
          {
            "block": "minecraft:tinted_glass",
            "speed": 20,
            "on_dig": {
              "event": "hurt"
            }
          },
          {
            "block": "minecraft:tuff",
            "speed": 20,
            "on_dig": {
              "event": "hurt"
            }
          },
          {
            "block": "minecraft:waxed_copper_block",
            "speed": 20,
            "on_dig": {
              "event": "hurt"
            }
          },
          {
            "block": "minecraft:waxed_cut_copper",
            "speed": 20,
            "on_dig": {
              "event": "hurt"
            }
          },
          {
            "block": "minecraft:waxed_cut_copper_slab",
            "speed": 20,
            "on_dig": {
              "event": "hurt"
            }
          },
          {
            "block": "minecraft:waxed_cut_copper_stairs",
            "speed": 20,
            "on_dig": {
              "event": "hurt"
            }
          },
          {
            "block": "minecraft:waxed_exposed_copper",
            "speed": 20,
            "on_dig": {
              "event": "hurt"
            }
          },
          {
            "block": "minecraft:waxed_exposed_cut_copper",
            "speed": 20,
            "on_dig": {
              "event": "hurt"
            }
          },
          {
            "block": "minecraft:waxed_exposed_cut_copper_slab",
            "speed": 20,
            "on_dig": {
              "event": "hurt"
            }
          },
          {
            "block": "minecraft:waxed_exposed_cut_copper_stairs",
            "speed": 20,
            "on_dig": {
              "event": "hurt"
            }
          },
          {
            "block": "minecraft:waxed_oxidized_copper",
            "speed": 20,
            "on_dig": {
              "event": "hurt"
            }
          },
          {
            "block": "minecraft:waxed_oxidized_cut_copper",
            "speed": 20,
            "on_dig": {
              "event": "hurt"
            }
          },
          {
            "block": "minecraft:waxed_oxidized_cut_copper_slab",
            "speed": 20,
            "on_dig": {
              "event": "hurt"
            }
          },
          {
            "block": "minecraft:waxed_oxidized_cut_copper_stairs",
            "speed": 20,
            "on_dig": {
              "event": "hurt"
            }
          },
          {
            "block": "minecraft:waxed_weathered_copper",
            "speed": 20,
            "on_dig": {
              "event": "hurt"
            }
          },
          {
            "block": "minecraft:waxed_weathered_cut_copper",
            "speed": 20,
            "on_dig": {
              "event": "hurt"
            }
          },
          {
            "block": "minecraft:waxed_weathered_cut_copper_slab",
            "speed": 20,
            "on_dig": {
              "event": "hurt"
            }
          },
          {
            "block": "minecraft:waxed_weathered_cut_copper_stairs",
            "speed": 20,
            "on_dig": {
              "event": "hurt"
            }
          },
          {
            "block": "minecraft:weathered_copper",
            "speed": 20,
            "on_dig": {
              "event": "hurt"
            }
          },
          {
            "block": "minecraft:weathered_cut_copper",
            "speed": 20,
            "on_dig": {
              "event": "hurt"
            }
          },
          {
            "block": "minecraft:weathered_cut_copper_slab",
            "speed": 20,
            "on_dig": {
              "event": "hurt"
            }
          },
          {
            "block": "minecraft:weathered_cut_copper_stairs",
            "speed": 20,
            "on_dig": {
              "event": "hurt"
            }
          },
          {
            "block": "minecraft:activator_rail",
            "speed": 20,
            "on_dig": {
              "event": "hurt"
            }
          },
          {
            "block": "minecraft:ancient_debris",
            "speed": 20,
            "on_dig": {
              "event": "hurt"
            }
          },
          {
            "block": "minecraft:andesite_stairs",
            "speed": 20,
            "on_dig": {
              "event": "hurt"
            }
          },
          {
            "block": "minecraft:anvil",
            "speed": 20,
            "on_dig": {
              "event": "hurt"
            }
          },
          {
            "block": "minecraft:basalt",
            "speed": 20,
            "on_dig": {
              "event": "hurt"
            }
          },
          {
            "block": "minecraft:beacon",
            "speed": 20,
            "on_dig": {
              "event": "hurt"
            }
          },
          {
            "block": "minecraft:black_glazed_terracotta",
            "speed": 20,
            "on_dig": {
              "event": "hurt"
            }
          },
          {
            "block": "minecraft:blackstone",
            "speed": 20,
            "on_dig": {
              "event": "hurt"
            }
          },
          {
            "block": "minecraft:blackstone_slab",
            "speed": 20,
            "on_dig": {
              "event": "hurt"
            }
          },
          {
            "block": "minecraft:blackstone_stairs",
            "speed": 20,
            "on_dig": {
              "event": "hurt"
            }
          },
          {
            "block": "minecraft:blackstone_wall",
            "speed": 20,
            "on_dig": {
              "event": "hurt"
            }
          },
          {
            "block": "minecraft:blast_furnace",
            "speed": 20,
            "on_dig": {
              "event": "hurt"
            }
          },
          {
            "block": "minecraft:blue_glazed_terracotta",
            "speed": 20,
            "on_dig": {
              "event": "hurt"
            }
          },
          {
            "block": "minecraft:brick_block",
            "speed": 20,
            "on_dig": {
              "event": "hurt"
            }
          },
          {
            "block": "minecraft:brick_stairs",
            "speed": 20,
            "on_dig": {
              "event": "hurt"
            }
          },
          {
            "block": "minecraft:cauldron",
            "speed": 20,
            "on_dig": {
              "event": "hurt"
            }
          },
          {
            "block": "minecraft:chiseled_nether_bricks",
            "speed": 20,
            "on_dig": {
              "event": "hurt"
            }
          },
          {
            "block": "minecraft:chiseled_polished_blackstone",
            "speed": 20,
            "on_dig": {
              "event": "hurt"
            }
          },
          {
            "block": "minecraft:coal_block",
            "speed": 20,
            "on_dig": {
              "event": "hurt"
            }
          },
          {
            "block": "minecraft:cobblestone",
            "speed": 20,
            "on_dig": {
              "event": "hurt"
            }
          },
          {
            "block": "minecraft:cobblestone_wall",
            "speed": 20,
            "on_dig": {
              "event": "hurt"
            }
          },
          {
            "block": "minecraft:concrete",
            "speed": 20,
            "on_dig": {
              "event": "hurt"
            }
          },
          {
            "block": "minecraft:cracked_nether_bricks",
            "speed": 20,
            "on_dig": {
              "event": "hurt"
            }
          },
          {
            "block": "minecraft:cracked_polished_blackstone_bricks",
            "speed": 20,
            "on_dig": {
              "event": "hurt"
            }
          },
          {
            "block": "minecraft:crimson_nylium",
            "speed": 20,
            "on_dig": {
              "event": "hurt"
            }
          },
          {
            "block": "minecraft:crying_obsidian",
            "speed": 20,
            "on_dig": {
              "event": "hurt"
            }
          },
          {
            "block": "minecraft:cyan_glazed_terracotta",
            "speed": 20,
            "on_dig": {
              "event": "hurt"
            }
          },
          {
            "block": "minecraft:dark_prismarine_stairs",
            "speed": 20,
            "on_dig": {
              "event": "hurt"
            }
          },
          {
            "block": "minecraft:detector_rail",
            "speed": 20,
            "on_dig": {
              "event": "hurt"
            }
          },
          {
            "block": "minecraft:diamond_block",
            "speed": 20,
            "on_dig": {
              "event": "hurt"
            }
          },
          {
            "block": "minecraft:diorite_stairs",
            "speed": 20,
            "on_dig": {
              "event": "hurt"
            }
          },
          {
            "block": "minecraft:dispenser",
            "speed": 20,
            "on_dig": {
              "event": "hurt"
            }
          },
          {
            "block": "minecraft:dropper",
            "speed": 20,
            "on_dig": {
              "event": "hurt"
            }
          },
          {
            "block": "minecraft:emerald_block",
            "speed": 20,
            "on_dig": {
              "event": "hurt"
            }
          },
          {
            "block": "minecraft:enchanting_table",
            "speed": 20,
            "on_dig": {
              "event": "hurt"
            }
          },
          {
            "block": "minecraft:end_brick_stairs",
            "speed": 20,
            "on_dig": {
              "event": "hurt"
            }
          },
          {
            "block": "minecraft:end_bricks",
            "speed": 20,
            "on_dig": {
              "event": "hurt"
            }
          },
          {
            "block": "minecraft:monster_egg",
            "speed": 20,
            "on_dig": {
              "event": "hurt"
            }
          },
          {
            "block": "minecraft:end_stone",
            "speed": 20,
            "on_dig": {
              "event": "hurt"
            }
          },
          {
            "block": "minecraft:furnace",
            "speed": 20,
            "on_dig": {
              "event": "hurt"
            }
          },
          {
            "block": "minecraft:gilded_blackstone",
            "speed": 20,
            "on_dig": {
              "event": "hurt"
            }
          },
          {
            "block": "minecraft:gold_block",
            "speed": 20,
            "on_dig": {
              "event": "hurt"
            }
          },
          {
            "block": "minecraft:golden_rail",
            "speed": 20,
            "on_dig": {
              "event": "hurt"
            }
          },
          {
            "block": "minecraft:granite_stairs",
            "speed": 20,
            "on_dig": {
              "event": "hurt"
            }
          },
          {
            "block": "minecraft:gray_glazed_terracotta",
            "speed": 20,
            "on_dig": {
              "event": "hurt"
            }
          },
          {
            "block": "minecraft:green_glazed_terracotta",
            "speed": 20,
            "on_dig": {
              "event": "hurt"
            }
          },
          {
            "block": "minecraft:grindstone",
            "speed": 20,
            "on_dig": {
              "event": "hurt"
            }
          },
          {
            "block": "minecraft:hardened_clay",
            "speed": 20,
            "on_dig": {
              "event": "hurt"
            }
          },
          {
            "block": "minecraft:hopper",
            "speed": 20,
            "on_dig": {
              "event": "hurt"
            }
          },
          {
            "block": "minecraft:ice",
            "speed": 20,
            "on_dig": {
              "event": "hurt"
            }
          },
          {
            "block": "minecraft:iron_bars",
            "speed": 20,
            "on_dig": {
              "event": "hurt"
            }
          },
          {
            "block": "minecraft:iron_block",
            "speed": 20,
            "on_dig": {
              "event": "hurt"
            }
          },
          {
            "block": "minecraft:iron_door",
            "speed": 20,
            "on_dig": {
              "event": "hurt"
            }
          },
          {
            "block": "minecraft:iron_trapdoor",
            "speed": 20,
            "on_dig": {
              "event": "hurt"
            }
          },
          {
            "block": "minecraft:light_blue_glazed_terracotta",
            "speed": 20,
            "on_dig": {
              "event": "hurt"
            }
          },
          {
            "block": "minecraft:light_weighted_pressure_plate",
            "speed": 20,
            "on_dig": {
              "event": "hurt"
            }
          },
          {
            "block": "minecraft:lime_glazed_terracotta",
            "speed": 20,
            "on_dig": {
              "event": "hurt"
            }
          },
          {
            "block": "minecraft:magenta_glazed_terracotta",
            "speed": 20,
            "on_dig": {
              "event": "hurt"
            }
          },
          {
            "block": "minecraft:magma",
            "speed": 20,
            "on_dig": {
              "event": "hurt"
            }
          },
          {
            "block": "minecraft:mob_spawner",
            "speed": 20,
            "on_dig": {
              "event": "hurt"
            }
          },
          {
            "block": "minecraft:mossy_cobblestone",
            "speed": 20,
            "on_dig": {
              "event": "hurt"
            }
          },
          {
            "block": "minecraft:mossy_cobblestone_stairs",
            "speed": 20,
            "on_dig": {
              "event": "hurt"
            }
          },
          {
            "block": "minecraft:mossy_stone_brick_stairs",
            "speed": 20,
            "on_dig": {
              "event": "hurt"
            }
          },
          {
            "block": "minecraft:netherite_block",
            "speed": 20,
            "on_dig": {
              "event": "hurt"
            }
          },
          {
            "block": "minecraft:netherrack",
            "speed": 20,
            "on_dig": {
              "event": "hurt"
            }
          },
          {
            "block": "minecraft:normal_stone_stairs",
            "speed": 20,
            "on_dig": {
              "event": "hurt"
            }
          },
          {
            "block": "minecraft:observer",
            "speed": 20,
            "on_dig": {
              "event": "hurt"
            }
          },
          {
            "block": "minecraft:obsidian",
            "speed": 20,
            "on_dig": {
              "event": "hurt"
            }
          },
          {
            "block": "minecraft:packed_ice",
            "speed": 20,
            "on_dig": {
              "event": "hurt"
            }
          },
          {
            "block": "minecraft:pink_glazed_terracotta",
            "speed": 20,
            "on_dig": {
              "event": "hurt"
            }
          },
          {
            "block": "minecraft:piston",
            "speed": 20,
            "on_dig": {
              "event": "hurt"
            }
          },
          {
            "block": "minecraft:polished_andesite_stairs",
            "speed": 20,
            "on_dig": {
              "event": "hurt"
            }
          },
          {
            "block": "minecraft:polished_basalt",
            "speed": 20,
            "on_dig": {
              "event": "hurt"
            }
          },
          {
            "block": "minecraft:polished_blackstone",
            "speed": 20,
            "on_dig": {
              "event": "hurt"
            }
          },
          {
            "block": "minecraft:polished_blackstone_brick_slab",
            "speed": 20,
            "on_dig": {
              "event": "hurt"
            }
          },
          {
            "block": "minecraft:polished_blackstone_brick_stairs",
            "speed": 20,
            "on_dig": {
              "event": "hurt"
            }
          },
          {
            "block": "minecraft:polished_blackstone_brick_wall",
            "speed": 20,
            "on_dig": {
              "event": "hurt"
            }
          },
          {
            "block": "minecraft:polished_blackstone_bricks",
            "speed": 20,
            "on_dig": {
              "event": "hurt"
            }
          },
          {
            "block": "minecraft:polished_blackstone_button",
            "speed": 20,
            "on_dig": {
              "event": "hurt"
            }
          },
          {
            "block": "minecraft:polished_blackstone_pressure_plate",
            "speed": 20,
            "on_dig": {
              "event": "hurt"
            }
          },
          {
            "block": "minecraft:polished_blackstone_slab",
            "speed": 20,
            "on_dig": {
              "event": "hurt"
            }
          },
          {
            "block": "minecraft:polished_blackstone_stairs",
            "speed": 20,
            "on_dig": {
              "event": "hurt"
            }
          },
          {
            "block": "minecraft:polished_blackstone_wall",
            "speed": 20,
            "on_dig": {
              "event": "hurt"
            }
          },
          {
            "block": "minecraft:polished_diorite_stairs",
            "speed": 20,
            "on_dig": {
              "event": "hurt"
            }
          },
          {
            "block": "minecraft:polished_granite_stairs",
            "speed": 20,
            "on_dig": {
              "event": "hurt"
            }
          },
          {
            "block": "minecraft:prismarine",
            "speed": 20,
            "on_dig": {
              "event": "hurt"
            }
          },
          {
            "block": "minecraft:prismarine_bricks_stairs",
            "speed": 20,
            "on_dig": {
              "event": "hurt"
            }
          },
          {
            "block": "minecraft:prismarine_stairs",
            "speed": 20,
            "on_dig": {
              "event": "hurt"
            }
          },
          {
            "block": "minecraft:purpur_block",
            "speed": 20,
            "on_dig": {
              "event": "hurt"
            }
          },
          {
            "block": "minecraft:purpur_stairs",
            "speed": 20,
            "on_dig": {
              "event": "hurt"
            }
          },
          {
            "block": "minecraft:quartz_block",
            "speed": 20,
            "on_dig": {
              "event": "hurt"
            }
          },
          {
            "block": "minecraft:quartz_bricks",
            "speed": 20,
            "on_dig": {
              "event": "hurt"
            }
          },
          {
            "block": "minecraft:quartz_stairs",
            "speed": 20,
            "on_dig": {
              "event": "hurt"
            }
          },
          {
            "block": "minecraft:rail",
            "speed": 20,
            "on_dig": {
              "event": "hurt"
            }
          },
          {
            "block": "minecraft:red_glazed_terracotta",
            "speed": 20,
            "on_dig": {
              "event": "hurt"
            }
          },
          {
            "block": "minecraft:red_nether_brick",
            "speed": 20,
            "on_dig": {
              "event": "hurt"
            }
          },
          {
            "block": "minecraft:red_nether_brick_stairs",
            "speed": 20,
            "on_dig": {
              "event": "hurt"
            }
          },
          {
            "block": "minecraft:red_sandstone",
            "speed": 20,
            "on_dig": {
              "event": "hurt"
            }
          },
          {
            "block": "minecraft:red_sandstone_stairs",
            "speed": 20,
            "on_dig": {
              "event": "hurt"
            }
          },
          {
            "block": "minecraft:redstone_block",
            "speed": 20,
            "on_dig": {
              "event": "hurt"
            }
          },
          {
            "block": "minecraft:respawn_anchor",
            "speed": 20,
            "on_dig": {
              "event": "hurt"
            }
          },
          {
            "block": "minecraft:sand",
            "speed": 20,
            "on_dig": {
              "event": "hurt"
            }
          },
          {
            "block": "minecraft:sandstone",
            "speed": 20,
            "on_dig": {
              "event": "hurt"
            }
          },
          {
            "block": "minecraft:sandstone_stairs",
            "speed": 20,
            "on_dig": {
              "event": "hurt"
            }
          },
          {
            "block": "minecraft:shulker_box",
            "speed": 20,
            "on_dig": {
              "event": "hurt"
            }
          },
          {
            "block": "minecraft:smooth_quartz_stairs",
            "speed": 20,
            "on_dig": {
              "event": "hurt"
            }
          },
          {
            "block": "minecraft:smooth_red_sandstone_stairs",
            "speed": 20,
            "on_dig": {
              "event": "hurt"
            }
          },
          {
            "block": "minecraft:smooth_sandstone_stairs",
            "speed": 20,
            "on_dig": {
              "event": "hurt"
            }
          },
          {
            "block": "minecraft:smooth_stone",
            "speed": 20,
            "on_dig": {
              "event": "hurt"
            }
          },
          {
            "block": "minecraft:stained_hardened_clay",
            "speed": 2,
            "on_dig": {
              "event": "hurt"
            }
          },
          {
            "block": "minecraft:sticky_piston",
            "speed": 20,
            "on_dig": {
              "event": "hurt"
            }
          },
          {
            "block": "minecraft:stone",
            "speed": 20,
            "on_dig": {
              "event": "hurt"
            }
          },
          {
            "block": "minecraft:stone_brick_stairs",
            "speed": 20,
            "on_dig": {
              "event": "hurt"
            }
          },
          {
            "block": "minecraft:stone_slab",
            "speed": 20,
            "on_dig": {
              "event": "hurt"
            }
          },
          {
            "block": "minecraft:stone_slab2",
            "speed": 20,
            "on_dig": {
              "event": "hurt"
            }
          },
          {
            "block": "minecraft:stone_slab3",
            "speed": 20,
            "on_dig": {
              "event": "hurt"
            }
          },
          {
            "block": "minecraft:stone_slab4",
            "speed": 20,
            "on_dig": {
              "event": "hurt"
            }
          },
          {
            "block": "minecraft:stone_stairs",
            "speed": 20,
            "on_dig": {
              "event": "hurt"
            }
          },
          {
            "block": "minecraft:stonebrick",
            "speed": 20,
            "on_dig": {
              "event": "hurt"
            }
          },
          {
            "block": "minecraft:stonecutter_block",
            "speed": 20,
            "on_dig": {
              "event": "hurt"
            }
          },
          {
            "block": "minecraft:undyed_shulker_box",
            "speed": 20,
            "on_dig": {
              "event": "hurt"
            }
          },
          {
            "block": "minecraft:warped_nylium",
            "speed": 20,
            "on_dig": {
              "event": "hurt"
            }
          },
          {
            "block": "minecraft:white_glazed_terracotta",
            "speed": 20,
            "on_dig": {
              "event": "hurt"
            }
          },
          {
            "block": "minecraft:yellow_glazed_terracotta",
            "speed": 20,
            "on_dig": {
              "event": "hurt"
            }
          }
        ]
      },
      "minecraft:weapon": {
        "on_hurt_entity": {
          "event": "hurt"
        },
        "on_not_hurt_entity": {
          "event": "hurt"
        },
        "on_hit_block": {
          "event": "hurt"
        }
      },
      "minecraft:render_offsets": {
        "main_hand": {
          "third_person": {
            "scale": [
              0.1,
              0.1,
              0.1
            ]
          },
          "first_person": {
            "scale": [
              0.037999999999977205,
              0.037999999999977205,
              0.037999999999977205
            ]
          }
        },
        "off_hand": {
          "third_person": {
            "scale": [
              0.1,
              0.1,
              0.1
            ]
          },
          "first_person": {
            "scale": [
              0.037999999999977205,
              0.037999999999977205,
              0.037999999999977205
            ]
          }
        }
      },
      "tag:minecraft:is_pickaxe": {},
      "minecraft:display_name": {}
    },
    "events": {
      "on_use_event": {
        "sequence": [
          {
            "damage": {
              "type": "magic",
              "amount": 1,
              "target": "self"
            }
          }
        ]
      },
      "hurt": {
        "damage": {
          "type": "magic",
          "amount": 1,
          "target": "self"
        }
      }
    }
  }
}