{
  "format_version": "1.10.0",
  "animation_controllers": {
    "controller.animation.baby_slime_jumping": {
      "states": {
        "default": {
          "transitions": [
            {
              "baby_slime_jumping": "query.is_jumping" //meme me mememe mememe me
            }
          ]
        },
        "baby_slime_jumping": {
          "on_entry": [
            ""
          ],
          "transitions": [
            {
              "default": "1.0"
            }
          ]
        }
      }
    }
  }
}