{
  "format_version": "1.10.0",
  "animation_controllers": {
    "controller.animation.despawn_wolf": {
      "states": {
        "default": {
          "transitions": [
            {
              "despawn": "(!query.moon_phase == 0 && !query.time_of_day <= 0.20 || !query.time_of_day >= 0.80)"
            }
          ]
        },
        "despawn": {
          "on_entry": [
            "@s despawn"
          ],
          "transitions": [
            {
              "default": "1.0"
            }
          ]
        }
      }
    }
  }
}