{
  "format_version": "1.10.0",
  "animation_controllers": {
    "controller.animation.end_wolf_sword": {
      "states": {
        "end_wolf_transformation": {
          "transitions": [
            {
              "wolf_sword_end": "query.get_equipped_item_name('main_hand') == 'wolf_sword' || query.get_equipped_item_name('main_hand') != 'wolf_sword' && query.moon_phase == 0 && query.time_of_day == 0.20"
            }
          ]
        },
        "wolf_sword_end": {
          "on_entry": [
            "@s stop_wolf_transformation"
          ],
          "transitions": [
            {
              "end_wolf_transformation": "1.0"
            }
          ]
        }
      }
    }
  }
}