{
  "format_version": "1.14.0",
  "minecraft:entity": {
    "description": {
      "identifier": "lb:lucky_loot",
      "is_spawnable": false,
      "is_summonable": true,
      "is_experimental": false,
         "scripts": {
           "animate": [ "walk" ]
         },
         "animations": {
           "walk": "controller.animation.death"
         }
    },
    "components": {
      "minecraft:collision_box": {
        "width": 0,
        "height": 0
      },
      "minecraft:health": {
        "value": 1000,
        "max": 1000
      },
      "minecraft:pushable": {
        "is_pushable": false,
        "is_pushable_by_piston": false
      },
      "minecraft:physics": {
      },
      "minecraft:loot": {
        "table": "loot_tables/entities/lucky_loot.json"
      },
      "minecraft:knockback_resistance": {
        "value": 1.0
      }
    }
  }
}