{
  "format_version": "1.16.100",
  "minecraft:block": {
    "description": {
      "identifier": "effect99:lucky_structures",
      "is_experimental": false
    },
    "components": {
      "minecraft:loot": "loot_tables/empty.json",
      "minecraft:destroy_time": 0.6,
      "minecraft:material_instances": {
        "*": {
          "texture": "lucky_structures",
          "render_method": "blend"
        }
      },
      "minecraft:block_light_emission": 0,
      "minecraft:flammable": {
        "flame_odds": 0,
        "burn_odds": 0
      },
      "minecraft:on_player_destroyed": {
        "event": "lucky_block",
        "target": "self"
      },
      "minecraft:friction": 0.5,
      "minecraft:explosion_resistance": 999,
      "minecraft:block_light_absorption": 0,
      "minecraft:map_color": "#b65454"
    },
    "events": {
      "lucky_block": {
        "randomize": [
          //Structures
          {
            "weight": 1,
            "sequence": [
              {
               "run_command": {
                 "command": [
                   "summon villager ~ ~2 ~",
                   "summon villager ~ ~2 ~"
                  ]
                }
              },
              {
               "randomize": [
                 { "weight": 1, "run_command": { "command": [ "structure load villagerhouse ~-2 ~ ~-2 0_degrees" ] } },
                 { "weight": 1, "run_command": { "command": [ "structure load villagerhouse ~-2 ~ ~-2 180_degrees" ] } },
                 { "weight": 1, "run_command": { "command": [ "structure load villagerhouse ~-2 ~ ~-2 270_degrees" ] } },
                 { "weight": 1, "run_command": { "command": [ "structure load villagerhouse ~-2 ~ ~-2 90_degrees" ] } }
                ]
              }
            ]
          },
          {
            "weight": 1,
            "run_command": {
              "command": [
                "execute @p[r=8] ~ ~ ~ fill ~1 ~-1 ~1 ~-1 ~-1 ~-1 tnt",
                "execute @p[r=8] ~ ~ ~ setblock ~ ~-1 ~ concrete 14",
                "execute @p[r=8] ~ ~ ~ fill ~1 ~ ~1 ~-1 ~ ~-1 heavy_weighted_pressure_plate",
                "execute @p[r=8] ~ ~ ~ setblock ~ ~ ~ air 0"
              ]
            }
          },
          {
            "weight": 1,
            "run_command": {
              "command": [
                "fill ~2 ~ ~2 ~-2 ~ ~-2 bookshelf",
                "fill ~1 ~ ~1 ~-1 ~ ~-1 air",
                "setblock ~ ~ ~ enchanting_table"
              ]
            }
          },
          {
            "weight": 1,
            "run_command": {
              "command": [
                "execute @p[r=8] ~~~ structure load slimecastle ~-2 ~-1 ~-2"
              ]
            }
          },
          {
            "weight": 1,
            "run_command": {
              "command": [
                "execute @p[r=8] ~ ~ ~ fill ~1 ~ ~1 ~-1 ~5 ~-1 stained_glass 1",
                "execute @p[r=8] ~ ~ ~ fill ~ ~ ~ ~ ~5 ~ air",
                "execute @p[r=8] ~ ~ ~ setblock ~ ~ ~ fire",
                "execute @p[r=8] ~ ~ ~ fill ~ ~40 ~ ~ ~45 ~ concretepowder 1"
              ]
            }
          },
          {
            "weight": 1,
            "run_command": {
              "command": [
                "execute @p[r=8] ~~~ structure load sand_pyramid ~-3 ~-1 ~-3"
              ]
            }
          },
          {
            "weight": 1,
            "run_command": {
              "command": [
                "execute @p[r=8] ~ ~ ~ fill ~1 ~2 ~1 ~-1 ~ ~-1 obsidian 0 hollow",
                "execute @p[r=8] ~ ~ ~ fill ~ ~ ~ ~ ~1 ~ air 0",
                "execute @p[r=8] ~ ~ ~ setblock ~ ~1 ~1 glass",
                "execute @p[r=8] ~ ~ ~ setblock ~ ~1 ~-1 glass",
                "execute @p[r=8] ~ ~ ~ setblock ~1 ~1 ~ glass",
                "execute @p[r=8] ~ ~ ~ setblock ~-1 ~1 ~ glass",
                "execute @p[r=8] ~ ~ ~ setblock ~ ~1 ~ flowing_water",
                "execute @p[r=8] ~ ~ ~ setblock ~ ~ ~ flowing_water"
              ]
            }
          },
          {
            "weight": 1,
            "run_command": {
              "command": [
                "execute @p[r=8,c=1] ~ ~ ~ fill ~1 ~-1 ~1 ~-1 ~-20 ~-1 air 0",
                "execute @p[r=8,c=1] ~ ~ ~ fill ~1 ~-20 ~1 ~-1 ~-20 ~-1 lava 0",
                "execute @p[r=8,c=1] ~ ~ ~ fill ~1 ~-19 ~1 ~-1 ~-19 ~-1 web 0"
              ]
            }
          },
          {
            "weight": 1,
            "run_command": {
              "command": [
                "execute @p[r=8] ~~~ tp @s ~ ~1 ~",
                "execute @p[r=8] ~~~ structure load sand_cube_pyramid ~-2 ~ ~-2"
              ]
            }
          },
          {
            "weight": 1,
            "run_command": {
              "command": [
                "execute @p[r=8] ~~~ tp @s ~ ~1 ~",
                "execute @p[r=8] ~~~ structure load lucky_block_jail ~-2 ~ ~-2"
              ]
            }
          },
          {
            "weight": 1,
            "run_command": {
              "command": [
                "execute @p[r=8] ~ ~ ~ fill ~1 ~ ~1 ~-1 ~6 ~-1 stained_glass 7",
                "execute @p[r=8] ~ ~ ~ fill ~ ~ ~ ~ ~5 ~ air",
                "execute @p[r=8] ~ ~ ~ setblock ~ ~6 ~ flowing_lava"
              ]
            }
          },
          {
            "weight": 1,
            "run_command": {
              "command": [
                "execute @p[r=8,c=1] ~ ~ ~ fill ~1 ~ ~1 ~-1 ~4 ~-1 iron_bars 0 hollow",
                "execute @p[r=8,c=1] ~ ~ ~ fill ~ ~ ~ ~ ~4 ~ air 0",
                "execute @p[r=8,c=1] ~ ~ ~ fill ~ ~4 ~ ~ ~4 ~ flowing_lava"
              ]
            }
          },
          {
            "weight": 1,
            "sequence": [
              {
               "randomize": [
                 { "weight": 1, "run_command": { "command": [ "execute @p[r=8] ~~~ structure load playerhouse ~-2 ~ ~-2 0_degrees" ] } },
                 { "weight": 1, "run_command": { "command": [ "execute @p[r=8] ~~~ structure load playerhouse ~-2 ~ ~-2 180_degrees" ] } },
                 { "weight": 1, "run_command": { "command": [ "execute @p[r=8] ~~~ structure load playerhouse ~-2 ~ ~-2 270_degrees" ] } },
                 { "weight": 1, "run_command": { "command": [ "execute @p[r=8] ~~~ structure load playerhouse ~-2 ~ ~-2 90_degrees" ] } }
                ]
              },
              {
               "run_command": {
                 "command": [
                   "execute @p[r=8] ~~~ tp @s ~ ~2 ~"
                  ]
                }
              }
            ]
          },
          {
            "weight": 1,
            "run_command": {
              "command": [
                "structure load fountain ~-1 ~-1 ~-1"
              ]
            }
          },
          {
            "weight": 1,
            "run_command": {
              "command": [
                "execute @p[r=8] ~ ~ ~ fill ~2 ~ ~2 ~-2 ~ ~-2 fire 0 replace air",
                "execute @p[r=8] ~ ~ ~ fill ~1 ~ ~1 ~-1 ~ ~-1 air 0 replace fire"
              ]
            }
          },
          {
            "weight": 1,
            "run_command": {
              "command": [
                "structure load farmlands ~-2 ~-1 ~-2"
              ]
            }
          },
          {
            "weight": 1,
            "run_command": {
              "command": [
                "structure load farmlandmelon ~-2 ~-1 ~-2"
              ]
            }
          },
          {
            "weight": 1,
            "run_command": {
              "command": [
                "fill ~1 ~-1 ~1 ~-1 3 ~-1 air 0"
              ]
            }
          },
          {
            "weight": 1,
            "randomize": [
              { "weight": 1, "run_command": { "command": [ "structure load end_plant ~-2 ~-1 ~-2 0_degrees" ] } },
              { "weight": 1, "run_command": { "command": [ "structure load end_plant ~-2 ~-1 ~-2 180_degrees" ] } },
              { "weight": 1, "run_command": { "command": [ "structure load end_plant ~-2 ~-1 ~-2 270_degrees" ] } },
              { "weight": 1, "run_command": { "command": [ "structure load end_plant ~-2 ~-1 ~-2 90_degrees" ] } },
              { "weight": 1, "run_command": { "command": [ "structure load end_plant ~-2 ~ ~-2 0_degrees" ] } },
              { "weight": 1, "run_command": { "command": [ "structure load end_plant ~-2 ~ ~-2 180_degrees" ] } },
              { "weight": 1, "run_command": { "command": [ "structure load end_plant ~-2 ~ ~-2 270_degrees" ] } },
              { "weight": 1, "run_command": { "command": [ "structure load end_plant ~-2 ~ ~-2 90_degrees" ] } }
            ]
          },
          {
            "weight": 1,
            "randomize": [
              { "weight": 1, "run_command": { "command": [ "execute @p[r=8] ~~~ structure load dirt_house ~-2 ~ ~-2 0_degrees" ] } },
              { "weight": 1, "run_command": { "command": [ "execute @p[r=8] ~~~ structure load dirt_house ~-2 ~ ~-2 180_degrees" ] } },
              { "weight": 1, "run_command": { "command": [ "execute @p[r=8] ~~~ structure load dirt_house ~-2 ~ ~-2 270_degrees" ] } },
              { "weight": 1, "run_command": { "command": [ "execute @p[r=8] ~~~ structure load dirt_house ~-2 ~ ~-2 90_degrees" ] } }
            ]
          },
          {
            "weight": 1,
            "randomize": [
              { "weight": 50, "run_command": { "command": [ "structure load tree ~-2 ~ ~-2" ] } },
              { "weight": 50, "run_command": { "command": [ "structure load tree ~-2 ~ ~-2", "summon tnt ~~3~", "summon tnt ~~3~", "summon tnt ~~3~", "summon tnt ~~3~" ] } }
            ]
          },
          {
            "weight": 1,
            "run_command": {
              "command": [
                "execute @p[ry=-45,rym=-134,r=8] ~ ~ ~ structure load anvill_fall ~-1 ~-1 ~-1 180_degrees",//Este
                "execute @p[ry=135,rym=46,r=8] ~ ~ ~ structure load anvill_fall ~-2 ~-1 ~-1 0_degrees",    //Oeste
                "execute @p[ry=45,rym=-44,r=8] ~ ~ ~ structure load anvill_fall ~-1 ~-1 ~-1 270_degrees",  //Sur
                "execute @p[ry=180,rym=136,r=8] ~ ~ ~ structure load anvill_fall ~-1 ~-1 ~-2 90_degrees",  //Norte+
                "execute @p[ry=-135,rym=-180,r=8] ~ ~ ~ structure load anvill_fall ~-1 ~-1 ~-2 90_degrees",//Norte-
                "execute @p[r=8] ~ ~ ~ fill ~ ~29 ~ ~ ~30 ~ anvil"
              ]
            }
          },
          {
            "weight": 1,
            "run_command": {
              "command": [
                "execute @p[r=8] ~ ~ ~ fill ~1 ~29 ~1 ~-1 ~30 ~-1 anvil"
              ]
            }
          },
          {
            "weight": 1,
            "sequence": [
              {
                "run_command": { "command": [ 
                  "execute @p[r=8] ~~~ summon skeleton",
                  "execute @p[r=8] ~~~ summon skeleton"
                  ] 
                }
              },
              {
                "randomize": [
                  { "weight": 1, "run_command": { "command": [ "execute @p[r=8] ~~~ structure load skeleton_jail ~-2 ~ ~-2 0_degrees" ] } },
                  { "weight": 1, "run_command": { "command": [ "execute @p[r=8] ~~~ structure load skeleton_jail ~-2 ~ ~-2 180_degrees" ] } },
                  { "weight": 1, "run_command": { "command": [ "execute @p[r=8] ~~~ structure load skeleton_jail ~-2 ~ ~-2 270_degrees" ] } },
                  { "weight": 1, "run_command": { "command": [ "execute @p[r=8] ~~~ structure load skeleton_jail ~-2 ~ ~-2 90_degrees" ] } }
                ]
              }
            ]
          },
          {
            "weight": 1,
            "run_command": {
              "command": [
                "execute @p[r=8] ~~~ structure load jungle_pyramid ~-3 ~-1 ~-3",
                "execute @p[r=8] ~~~ summon cave_spider"
              ]
            }
          },
          {
            "weight": 1,
            "run_command": {
              "command": [
                "execute @p[r=8] ~~~ structure load nether_pyramid ~-3 ~-1 ~-3",
                "effect @p[r=8] fire_resistance 12"
              ]
            }
          },
          {
            "weight": 1,
            "run_command": {
              "command": [
                "execute @p[r=8] ~~~ structure load water_pyramid ~-3 ~-1 ~-3",
                "execute @p[r=8] ~~~ summon tropicalfish"
              ]
            }
          },
          {
            "weight": 1,
            "run_command": {
              "command": [
                "structure load bamboo_biome ~-2 ~-1 ~-2",
                "summon panda ~ ~ ~",
                "summon panda ~ ~ ~"
              ]
            }
          },
          {
            "weight": 1,
            "randomize": [
              { "weight": 1, "run_command": { "command": [ "structure load sand_castle ~-2 ~-1 ~-2 0_degrees" ] } },
              { "weight": 1, "run_command": { "command": [ "structure load sand_castle ~-2 ~-1 ~-2 90_degrees" ] } }
            ]
          },
          {
            "weight": 1,
            "randomize": [
              { "weight": 1, "run_command": { "command": [ "structure load color_parkour ~-2 ~ ~-2 0_degrees" ] } },
              { "weight": 1, "run_command": { "command": [ "structure load color_parkour ~-2 ~ ~-2 90_degrees" ] } },
              { "weight": 1, "run_command": { "command": [ "structure load color_parkour ~-2 ~ ~-2 180_degrees" ] } },
              { "weight": 1, "run_command": { "command": [ "structure load color_parkour ~-2 ~ ~-2 270_degrees" ] } }
            ]
          },
          {
            "weight": 1,
            "randomize": [
              { "weight": 1, "run_command": { "command": [ "structure load dungeon ~-4 ~-1 ~-4 0_degrees" ] } },
              { "weight": 1, "run_command": { "command": [ "structure load dungeon ~-4 ~-1 ~-4 90_degrees" ] } }
            ]
          },
          {
            "weight": 1,
            "randomize": [
              { "weight": 1, "run_command": { "command": [ "structure load spider_dungeon ~-3 ~ ~-3 0_degrees" ] } },
              { "weight": 1, "run_command": { "command": [ "structure load spider_dungeon ~-3 ~ ~-3 90_degrees" ] } }
            ]
          },
          {
            "weight": 1,
            "sequence": [
              {
               "randomize": [
                 { "weight": 1, "run_command": { "command": [ "execute @p[r=8] ~~~ structure load tnt_house ~-2 ~ ~-2 0_degrees" ] } },
                 { "weight": 1, "run_command": { "command": [ "execute @p[r=8] ~~~ structure load tnt_house ~-2 ~ ~-2 180_degrees" ] } },
                 { "weight": 1, "run_command": { "command": [ "execute @p[r=8] ~~~ structure load tnt_house ~-2 ~ ~-2 270_degrees" ] } },
                 { "weight": 1, "run_command": { "command": [ "execute @p[r=8] ~~~ structure load tnt_house ~-2 ~ ~-2 90_degrees" ] } }
                ]
              },
              {
               "run_command": {
                 "command": [
                   "execute @p[r=8] ~~~ tp @s ~ ~2 ~"
                  ]
                }
              }
            ]
          },
          {
            "weight": 1,
            "run_command": {
              "command": [
                "structure load cactus ~-2 ~-1 ~-2"
              ]
            }
          },
          {
            "weight": 1,
            "run_command": {
              "command": [
                "structure load mushroom ~-2 ~ ~-2"
              ]
            }
          },
          {
            "weight": 1,
            "run_command": {
              "command": [
                "structure load jungle_biome ~-3 ~-1 ~-3"
              ]
            }
          },
          {
            "weight": 1,
            "run_command": {
              "command": [
                "execute @p[r=8] ~~~ structure load Aquarium ~-2 ~-1 ~-2",
                "execute @p[r=8] ~~~ summon pufferfish"
              ]
            }
          },
          {
            "weight": 1,
            "run_command": {
              "command": [
                "structure load terracota_tower ~ ~ ~ 0_degrees none block_by_block 1"
              ]
            }
          },
          {
            "weight": 1,
            "run_command": {
              "command": [
                "structure load lucky_block_giant ~ ~ ~ 0_degrees none block_by_block 15"
              ]
            }
          },
          {
            "weight": 1,
            "run_command": {
              "command": [
                "summon entity:explode ~3.2 ~ ~",
                "summon entity:explode ~ ~ ~3.2",
                "summon entity:explode ~-3.2 ~ ~",
                "summon entity:explode ~ ~ ~-3.2",
                "structure load meteor1 ~-2 ~-2 ~-2"
              ]
            }
          },
          {
            "weight": 1,
            "run_command": {
              "command": [
                "summon entity:events ~~~",
                "execute @p[ry=-45,rym=-134,r=8] ~ ~ ~ execute @e[type=entity:events,c=1] ~ ~ ~ structure load fake_lucky_block ~ ~ ~-1 0_degrees",   //Este
                "execute @p[ry=135,rym=46,r=8] ~ ~ ~ execute @e[type=entity:events,c=1] ~ ~ ~ structure load fake_lucky_block ~ ~ ~-1 180_degrees",   //Oeste
                "execute @p[ry=45,rym=-44,r=8] ~ ~ ~ execute @e[type=entity:events,c=1] ~ ~ ~ structure load fake_lucky_block ~-1 ~ ~ 90_degrees",    //Sur
                "execute @p[ry=180,rym=136,r=8] ~ ~ ~ execute @e[type=entity:events,c=1] ~ ~ ~ structure load fake_lucky_block ~-1 ~ ~ 270_degrees",  //Norte+
                "execute @p[ry=-135,rym=-180,r=8] ~ ~ ~ execute @e[type=entity:events,c=1] ~ ~ ~ structure load fake_lucky_block ~-1 ~ ~ 270_degrees" //Norte-
              ]
            }
          }
        ]
      }
    }
  }
}