{
 "format_version": "1.10.0",
 "minecraft:block": {
  "description": {
   "identifier": "effect99:lucky_block_rainbow",
   "is_experimental": false,
   "register_to_creative_menu": true
  },
  "components": {
      "minecraft:loot": "loot_tables/blocks/lucky_block_rainbow.json",
      "minecraft:destroy_time": 0.5,
      "minecraft:explosion_resistance": 10000,
      "minecraft:block_light_emission": 0,
      "minecraft:block_light_absorption": 0,
      "minecraft:map_color": "#000000"
   }
  }
 }