{
 "format_version": "1.10.0",
 "minecraft:block": {
  "description": {
   "identifier": "effect99:setdrop_apples",
   "register_to_creative_menu": false,
   "is_experimental": false
  },
  "components": {
      "minecraft:loot": "loot_tables/blocks/setdrop_apples.json",
      "minecraft:destroy_time": 0.2,
      "minecraft:explosion_resistance": 1,
      "minecraft:block_light_emission": 0,
      "minecraft:block_light_absorption": 0,
      "minecraft:map_color": "#000000"
   }
  }
 }