{
  "pools": [
    {
      "rolls": 1,
      "entries": [
        {
          "type": "item",
          "name": "minecraft:bucket",
          "weight": 1,
          "functions": [
            {
              "function": "set_count",
              "count": {
                "min": 1,
                "max": 1
              }
            },
            {
              "function": "set_data",
              "data": 8
            }
          ]
        }
      ]
    },
    {
      "rolls": 1,
      "entries": [
        {
          "type": "item",
          "name": "minecraft:bucket",
          "weight": 1,
          "functions": [
            {
              "function": "set_count",
              "count": {
                "min": 1,
                "max": 1
              }
            },
            {
              "function": "set_data",
              "data": 2
            }
          ]
        }
      ]
    },
    {
      "rolls": 1,
      "entries": [
        {
          "type": "item",
          "name": "minecraft:bucket",
          "weight": 1,
          "functions": [
            {
              "function": "set_count",
              "count": {
                "min": 1,
                "max": 1
              }
            },
            {
              "function": "set_data",
              "data": 3
            }
          ]
        }
      ]
    },
    {
      "rolls": 1,
      "entries": [
        {
          "type": "item",
          "name": "minecraft:bucket",
          "weight": 1,
          "functions": [
            {
              "function": "set_count",
              "count": {
                "min": 1,
                "max": 1
              }
            },
            {
              "function": "set_data",
              "data": 4
            }
          ]
        }
      ]
    },
    {
      "rolls": 1,
      "entries": [
        {
          "type": "item",
          "name": "minecraft:bucket",
          "weight": 1,
          "functions": [
            {
              "function": "set_count",
              "count": {
                "min": 1,
                "max": 1
              }
            },
            {
              "function": "set_data",
              "data": 5
            }
          ]
        }
      ]
    }
  ]
}