{
  "format_version": "1.16.100",
  "minecraft:item": {
    "description": {
      "identifier": "lucky:crystal_sword",
      "category": "equipment"
    },
    "components": {
      "minecraft:max_stack_size": 1,
      "minecraft:foil": true,
      "minecraft:enchantable": {
        "value": 9,
        "slot": "sword"
      },
      "minecraft:durability": {
        "max_durability": 1
      },
      "minecraft:allow_off_hand": true,
      "minecraft:hand_equipped": true,
      "minecraft:creative_category": {
        "parent": "itemGroup.name.sword"
      },
      "minecraft:can_destroy_in_creative": false,
      "minecraft:icon": {
        "texture": "crystal_sword"
      },
      "minecraft:repairable": {
        "repair_items": [
          {
            "items": [
              "lucky:crystal_sword"
            ],
            "repair_amount": 2
          }
        ]
      },
      "minecraft:render_offsets": "tools",
      "minecraft:display_name": {},
      "minecraft:damage": 10000
    }
  }
}