{
  "format_version": "1.16.100",
  "minecraft:item": {
    "description": {
      "identifier": "lucky:glacial_sword",
      "category": "equipment"
    },
    "components": {
      "minecraft:max_stack_size": 1,
      "minecraft:foil": false,
      "minecraft:enchantable": {
        "value": 9,
        "slot": "sword"
      },
      "minecraft:durability": {
        "max_durability": 2300
      },
      "minecraft:allow_off_hand": true,
      "minecraft:hand_equipped": true,
      "minecraft:creative_category": {
        "parent": "itemGroup.name.sword"
      },
      "minecraft:can_destroy_in_creative": false,
      "minecraft:icon": {
        "texture": "glacial_sword"
      },
      "minecraft:repairable": {
        "repair_items": [
          {
            "items": [
              "lucky:glacial_sword"
            ],
            "repair_amount": 2300
          }
        ]
      },
      "minecraft:digger": {
        "use_efficiency": true,
        "destroy_speeds": [
          {
            "block": "minecraft:web",
            "speed": 25
          },
          {
            "block": "minecraft:bamboo",
            "speed": 15
          }
        ]
      },
      "minecraft:render_offsets": "tools",
      "minecraft:display_name": {},
      "minecraft:damage": 7
    }
  }
}