{
  "format_version": "1.12.0",
  "minecraft:item": {
    "description": {
      "identifier": "lucky:medkit"
    },
    "components": {
      "minecraft:stacked_by_data": true,
      "minecraft:use_duration": 1,
      "minecraft:foil": false,
      "minecraft:food": {
        "nutrition": 0,
        "saturation_modifier": "supernatural",
        "can_always_eat": true,
        "effects": [
          {
            "name": "instant_health",
            "chance": 1,
            "duration": 1,
            "amplifier": 0
          }
        ]
      }
    }
  }
}