{
  "format_version": "1.16.100",
  "minecraft:item": {
    "description": {
      "identifier": "lucky:rainbow_axe",
      "category": "equipment"
    },
    "components": {
      "minecraft:max_stack_size": 1,
      "minecraft:foil": true,
      "minecraft:enchantable": {
        "value": 9,
        "slot": "axe"
      },
      "minecraft:durability": {
        "max_durability": 4100
      },
      "minecraft:mining_speed": 100,
      "minecraft:hand_equipped": true,
      "minecraft:creative_category": {
        "parent": "itemGroup.name.axe"
      },
      "minecraft:icon": {
        "texture": "rainbow_axe"
      },
      "minecraft:repairable": {
        "repair_items": [
          {
            "items": [
              "lucky:rainbow_axe"
            ],
            "repair_amount": 4100
          }
        ]
      },
      "minecraft:render_offsets": "tools",
      "minecraft:display_name": {},
      "minecraft:damage": 7,
      "minecraft:digger": {
        "use_efficiency": true,
        "destroy_speeds": [
          {
            "block": {
              "tags": "q.any_tag('wood', 'pumpkin', 'plant')"
            },
            "speed": 13
          },
          {
            "block": "minecraft:chest",
            "speed": 13
          },
          {
            "block": "minecraft:melon_block",
            "speed": 13
          },
          {
            "block": "minecraft:bookshelf",
            "speed": 13
          },
          {
            "block": "minecraft:lectern",
            "speed": 13
          },
          {
            "block": "minecraft:pumkin",
            "speed": 13
          }
        ]
      }
    }
  }
}