{
  "format_version": "1.12.0",
  "minecraft:item": {
    "description": {
      "identifier": "lucky:star_cookie"
    },

    "components": {
      "minecraft:stacked_by_data": true,
      "minecraft:use_duration": 32,
      "minecraft:foil": true,
  
      "minecraft:food": {
        "nutrition": 20,
        "saturation_modifier": "supernatural",
        "can_always_eat": true,
        "effects": [
          {
            "name": "health_boost",
            "chance": 1.0,
            "duration": 240,
            "amplifier": 1
          },
          {
            "name": "regeneration",
            "chance": 1.0,
            "duration": 240,
            "amplifier": 2
          }
        ]
      }
    }
  }
}