{
  "format_version": "1.12.0",
  "minecraft:entity": {
    "description": {
      "identifier": "spawn_entity:ghostly_horseman",
      "is_spawnable": false,
      "is_summonable": false,
      "is_experimental": false
    },
    "component_groups": { "despawn": { "minecraft:despawn": {} } 
    },
    "components": {
      "minecraft:physics": {}
    },
    "events": {
      "minecraft:entity_spawned": {
        "sequence": [
          {
           "add": { "component_groups": [ "despawn" ] }
          },
          {
           "run_command": {
             "command": [
               "structure load ghostly_horseman ~ ~ ~",
                "playsound record.13 @a[r=16] ~ ~ ~ 2.0 2.0"
              ]
            }
          }
        ]
      }
    }
  }
}