{
  "format_version": "1.12.0",
  "minecraft:entity": {
    "description": {
      "identifier": "spawn_entity:witch_and_bats",
      "is_spawnable": false,
      "is_summonable": true,
      "is_experimental": false
    },
    "component_groups": { "despawn": { "minecraft:despawn": {} } 
    },
    "components": {
      "minecraft:physics": {}
    },
    "events": {
      "minecraft:entity_spawned": {
        "sequence": [
          {
           "add": { "component_groups": [ "despawn" ] }
          },
          {
           "run_command": {
             "command": [
               "summon witch ~ ~ ~",
                "summon bat ~ ~0.5 ~ minecraft:splash_potion_bat",
                "summon bat ~ ~0.5 ~ minecraft:splash_potion_bat",
                "summon bat ~ ~0.5 ~ minecraft:splash_potion_bat",
                "summon bat ~ ~0.5 ~ minecraft:splash_potion_bat",
                "summon bat ~ ~0.5 ~ minecraft:splash_potion_bat",
                "summon bat ~ ~0.5 ~ minecraft:splash_potion_bat",
                "summon bat ~ ~0.5 ~ minecraft:splash_potion_bat",
                "summon bat ~ ~0.5 ~ minecraft:splash_potion_bat",
                "summon bat ~ ~0.5 ~ minecraft:splash_potion_bat",
                "summon bat ~ ~0.5 ~ minecraft:splash_potion_bat",
                "summon bat ~ ~0.5 ~ minecraft:splash_potion_bat",
                "summon bat ~ ~0.5 ~ minecraft:splash_potion_bat",
                "summon bat ~ ~0.5 ~ minecraft:splash_potion_bat",
                "summon bat ~ ~0.5 ~ minecraft:splash_potion_bat",
                "summon bat ~ ~0.5 ~ minecraft:splash_potion_bat",
                "summon bat ~ ~0.5 ~ minecraft:splash_potion_bat",
                "summon bat ~ ~0.5 ~ minecraft:splash_potion_bat",
                "summon bat ~ ~0.5 ~ minecraft:splash_potion_bat",
                "summon bat ~ ~0.5 ~ minecraft:splash_potion_bat",
                "summon bat ~ ~0.5 ~ minecraft:splash_potion_bat"
              ]
            }
          }
        ]
      }
    }
  }
}