{
  "format_version": "1.11.0",
  "minecraft:entity": {
    "description": {
      "identifier": "entity:grows_crop",
      "is_spawnable": false,
      "is_summonable": true,
      "is_experimental": false
    },
    "component_groups": {
      "minecraft:grows_crop_event": {
      "minecraft:timer": { "time": [ 0, 0 ], "looping": true,
        "time_down_event": { "event": "minecraft:grows_crop", "target": "self" } 
        }
      }
    },
    "components": {
      "minecraft:type_family": { "family": [ "effect99_entities" ] },
      "minecraft:despawn": {},
      "minecraft:grows_crop": { "charges": 99999, "chance": 5 },
      "minecraft:health": { "value": 1 },
      "minecraft:collision_box": { "width": 0.0, "height": 0.0 },
      "minecraft:fire_immune": true,
      "minecraft:physics": {
        "has_gravity": false,
        "has_collision": false
      }
    },
    "events": {
      "minecraft:grows_crop_event": { "add": { "component_groups": [ "minecraft:grows_crop_event" ] } 
      },
      "minecraft:grows_crop": {
       "run_command": {
         "command": [ 
           "summon entity:grows_crop ~ ~0.1 ~",
           "summon entity:grows_crop ~ ~0.1 ~1",
           "summon entity:grows_crop ~1 ~0.1 ~",
           "summon entity:grows_crop ~-1 ~0.1 ~",
           "summon entity:grows_crop ~ ~0.1 ~-1",
           "summon entity:grows_crop ~1 ~0.1 ~1",
           "summon entity:grows_crop ~-1 ~0.1 ~-1",
           "summon entity:grows_crop ~1 ~0.1 ~-1",
           "summon entity:grows_crop ~-1 ~0.1 ~1",
           "summon entity:grows_crop ~ ~0.1 ~2",
           "summon entity:grows_crop ~2 ~0.1 ~",
           "summon entity:grows_crop ~-2 ~0.1 ~",
           "summon entity:grows_crop ~ ~0.1 ~-2"
          ]
        }
      }
    }
  }
}