{
  "format_version": "1.12.0",
  "minecraft:entity": {
    "description": {
      "identifier": "minecraft:snowball",
      "is_spawnable": false,
      "is_summonable": true,
      "is_experimental": false
    },
    "component_groups": {
      "snowman_head": {
        "minecraft:projectile": {
        "on_hit": {
          "definition_event": {
           "affect_projectile": true,
             "event_trigger": {
               "event": "ice_sword",
               "target": "self"
            }
          },
          "impact_damage": {
            "filter": "all",
            "damage": 3,
            "knockback": true
          },
          "remove_on_hit": {},
          "particle_on_hit": {
            "particle_type": "snowballpoof",
            "num_particles": 5,
            "on_entity_hit": true,
            "on_other_hit": true
          }
        },
        "power": 1.5,
        "gravity": 0.03,
        "inertia": 1,
        "liquid_inertia": 1,
        "anchor": 2,
        "offset": [ 0, 0.5, 0 ],
        "semi_random_diff_damage": true,
        "uncertainty_base": 10.0,
        "reflect_on_hurt": true
        }
      },
      "ice_sword": {
        "minecraft:projectile": {
        "on_hit": {
          "definition_event": {
           "affect_projectile": true,
             "event_trigger": {
               "event": "ice_sword",
               "target": "self"
            }
          },
          "impact_damage": {
            "filter": "blaze",
            "damage": 3,
            "knockback": true
          },
          "remove_on_hit": {},
          "particle_on_hit": {
            "particle_type": "snowballpoof",
            "num_particles": 6,
            "on_entity_hit": true,
            "on_other_hit": true
          }
        },
        "power": 1.5,
        "gravity": 0.03,
        "angle_offset": 0
        }
      }
    },
    "components": {
      "minecraft:type_family": {
        "family": [ "snowball" ]
      },
      "minecraft:collision_box": {
        "width": 0.25,
        "height": 0.25
      },
      "minecraft:projectile": {
        "on_hit": {
          "impact_damage": {
            "filter": "blaze",
            "damage": 3,
            "knockback": true
          },
          "remove_on_hit": {},
          "particle_on_hit": {
            "particle_type": "snowballpoof",
            "num_particles": 6,
            "on_entity_hit": true,
            "on_other_hit": true
          }
        },
        "power": 1.5,
        "gravity": 0.03,
        "angle_offset": 0
      },
      "minecraft:physics": {},
      "minecraft:pushable": {
        "is_pushable": true,
        "is_pushable_by_piston": true
      }
    },
    "events": {
      "ice_sword": { "run_command": { "command": [ "fill ~ ~ ~ ~ ~ ~ snow_layer 0 replace air" ] } 
      },
      "minecraft:entity_spawned": {
        "sequence": [
          {
            "filters": { "test": "has_equipment", "subject": "other", "domain": "hand", "value": "effect:ice_sword" },
            "add": { "component_groups": [ "ice_sword" ]
            }
          }
        ]
      },
      "snowman_head": {
        "add": {
          "component_groups": [
            "snowman_head"
          ]
        }
      }
    }
  }
}