{
  "format_version": "1.16.100",
  "minecraft:item": {
    "description": {
      "identifier": "effect:ghost_sword",
      "category": "equipment"
    },
    "components": {
      "minecraft:explodable": false,
      "minecraft:foil": true,
      "minecraft:should_despawn": false,
      "minecraft:max_stack_size": 1,
      "minecraft:durability": {
        "max_durability": 3333
      },
      "minecraft:allow_off_hand": false,
      "minecraft:hand_equipped": true,
      "minecraft:creative_category": {
        "parent": "itemGroup.name.sword"
      },
      "minecraft:can_destroy_in_creative": false,
      "minecraft:icon": {
        "texture": "ghost_sword"
      },
      "minecraft:digger": {
        "use_efficiency": true,
        "destroy_speeds": [
          {
            "block": "minecraft:web",
            "speed": 15
          },
          {
            "block": "minecraft:bamboo",
            "speed": 10
          }
        ]
      },
      "minecraft:render_offsets": {
        "main_hand": {
          "first_person": {
            "position": [ 
              0.67, //x
              0, //y = First person.
              -1.24 //z
            ]
          },
          "third_person": {
            "position": [ 
              0.36, //x
              1.5, //z = Mirando la entidad desde al frente.
              -0.66 //y
            ]
          }
        }
      },
      "minecraft:cooldown": {
        "category": "ghost_sword",
        "duration": 2
      },
      "minecraft:display_name": {},
      "minecraft:damage": -666,
      "minecraft:on_use": {
        "on_use": {
          "event": "on_use"
        }
      },
      "minecraft:weapon": {
        "on_hurt_entity": {
          "event": "weapon"
        },
        "on_not_hurt_entity": {
          "event": "weapon"
        },
        "on_hit_block": {
          "event": "weapon"
        }
      }
    },
    "events": {
      "on_use": {
        "shoot": {
          "projectile": "entity:ghost_projectile",
          "launch_power": 1
        },
        "damage": {
          "type": "durability",
          "amount": 6,
          "target": "self"
        }
      },
      "weapon": {
        "sequence": [
          {
            "damage": {
              "type": "durability",
              "amount": 1,
              "target": "self"
            }
          }
        ]
      }
    }
  }
}