{
  "format_version": "1.16.100",
  "minecraft:item": {
    "description": {
      "identifier": "effect99:meteorite_pickaxe",
      "category": "equipment"
    },
    "components": {
      "minecraft:max_stack_size": 1,
      "minecraft:foil": false,
      "minecraft:enchantable": {
        "value": 9,
        "slot": "pickaxe"
      },
      "minecraft:durability": {
        "max_durability": 3900
      },
      "tag:minecraft:is_pickaxe": {},
      "minecraft:mining_speed": 20,
      "minecraft:hand_equipped": true,
      "minecraft:creative_category": {
        "parent": "itemGroup.name.pickaxe"
      },
      "minecraft:icon": {
        "texture": "meteorite_pickaxe"
      },
      "minecraft:repairable": {
        "repair_items": [
          {
            "items": [
              "effect99:meteorite_pickaxe"
            ],
            "repair_amount": 3900
          }
        ]
      },
      "minecraft:render_offsets": "tools",
      "minecraft:display_name": {},
      "minecraft:damage": 5,
      "minecraft:digger": {
        "use_efficiency": true,
        "destroy_speeds": [
          {
            "block": {
              "tags": "q.any_tag('stone', 'metal', 'diamond_pick_diggable')"
            },
            "speed": 13,
            "on_dig": {
              "event": "weapon"
            }
          },
          {
            "block": "minecraft:ice",
            "speed": 13,
            "on_dig": {
              "event": "weapon"
            }
          },
          {
            "block": "minecraft:bone_block",
            "speed": 13,
            "on_dig": {
              "event": "weapon"
            }
          },
          {
            "block": "minecraft:mob_spawner",
            "speed": 13,
            "on_dig": {
              "event": "weapon"
            }
          },
          {
            "block": "minecraft:anvil",
            "speed": 13,
            "on_dig": {
              "event": "weapon"
            }
          },
          {
            "block": "minecraft:netherite_block",
            "speed": 13,
            "on_dig": {
              "event": "weapon"
            }
          },
          {
            "block": "minecraft:sandstone",
            "speed": 13,
            "on_dig": {
              "event": "weapon"
            }
          },
          {
            "block": "minecraft:diamond_block",
            "speed": 13,
            "on_dig": {
              "event": "weapon"
            }
          },
          {
            "block": "minecraft:lapis_block",
            "speed": 13,
            "on_dig": {
              "event": "weapon"
            }
          },
          {
            "block": "minecraft:emerald_block",
            "speed": 13,
            "on_dig": {
              "event": "weapon"
            }
          },
          {
            "block": "minecraft:ancient_debris",
            "speed": 13,
            "on_dig": {
              "event": "weapon"
            }
          },
          {
            "block": "minecraft:cracked_polished_blackstone_bricks",
            "speed": 13,
            "on_dig": {
              "event": "weapon"
            }
          },
          {
            "block": "minecraft:nether_brick",
            "speed": 13,
            "on_dig": {
              "event": "weapon"
            }
          },
          {
            "block": "minecraft:cracked_nether_bricks",
            "speed": 13,
            "on_dig": {
              "event": "weapon"
            }
          },
          {
            "block": "minecraft:quartz_ore",
            "speed": 13,
            "on_dig": {
              "event": "weapon"
            }
          },
          {
            "block": "minecraft:netherrack",
            "speed": 13,
            "on_dig": {
              "event": "weapon"
            }
          },
          {
            "block": "minecraft:basalt",
            "speed": 13,
            "on_dig": {
              "event": "weapon"
            }
          },
          {
            "block": "minecraft:end_bricks",
            "speed": 13,
            "on_dig": {
              "event": "weapon"
            }
          },
          {
            "block": "minecraft:purpur_block",
            "speed": 13,
            "on_dig": {
              "event": "weapon"
            }
          },
          {
            "block": "minecraft:purpur_stairs",
            "speed": 13,
            "on_dig": {
              "event": "weapon"
            }
          },
          {
            "block": "minecraft:end_brick_stairs",
            "speed": 13,
            "on_dig": {
              "event": "weapon"
            }
          },
          {
            "block": "minecraft:stone_slab2",
            "speed": 13,
            "on_dig": {
              "event": "weapon"
            }
          },
          {
            "block": "minecraft:stone_slab3",
            "speed": 13,
            "on_dig": {
              "event": "weapon"
            }
          },
          {
            "block": "minecraft:polished_basalt",
            "speed": 13,
            "on_dig": {
              "event": "weapon"
            }
          },
          {
            "block": "minecraft:warped_nylium",
            "speed": 13,
            "on_dig": {
              "event": "weapon"
            }
          },
          {
            "block": "minecraft:crimson_nylium",
            "speed": 13,
            "on_dig": {
              "event": "weapon"
            }
          },
          {
            "block": "minecraft:end_stone",
            "speed": 13,
            "on_dig": {
              "event": "weapon"
            }
          },
          {
            "block": "minecraft:ender_chest",
            "speed": 13,
            "on_dig": {
              "event": "weapon"
            }
          },
          {
            "block": "minecraft:quartz_block",
            "speed": 13,
            "on_dig": {
              "event": "weapon"
            }
          },
          {
            "block": "minecraft:quartz_stairs",
            "speed": 13,
            "on_dig": {
              "event": "weapon"
            }
          },
          {
            "block": "minecraft:quartz_bricks",
            "speed": 13,
            "on_dig": {
              "event": "weapon"
            }
          },
          {
            "block": "minecraft:quartz_stairs",
            "speed": 13,
            "on_dig": {
              "event": "weapon"
            }
          },
          {
            "block": "minecraft:nether_gold_ore",
            "speed": 13,
            "on_dig": {
              "event": "weapon"
            }
          },
          {
            "block": "minecraft:blackstone",
            "speed": 13,
            "on_dig": {
              "event": "weapon"
            }
          },
          {
            "block": "minecraft:furnace",
            "speed": 13,
            "on_dig": {
              "event": "weapon"
            }
          },
          {
            "block": "minecraft:blast_furnace",
            "speed": 13,
            "on_dig": {
              "event": "weapon"
            }
          },
          {
            "block": "minecraft:lit_furnace",
            "speed": 13,
            "on_dig": {
              "event": "weapon"
            }
          },
          {
            "block": "minecraft:blast_furnace",
            "speed": 13,
            "on_dig": {
              "event": "weapon"
            }
          },
          {
            "block": "minecraft:chain",
            "speed": 13,
            "on_dig": {
              "event": "weapon"
            }
          },
          {
            "block": "minecraft:lantern",
            "speed": 13,
            "on_dig": {
              "event": "weapon"
            }
          },
          {
            "block": "minecraft:soul_lantern",
            "speed": 13,
            "on_dig": {
              "event": "weapon"
            }
          },
          {
            "block": "minecraft:grindstone",
            "speed": 13,
            "on_dig": {
              "event": "weapon"
            }
          },
          {
            "block": "minecraft:brewing_stand",
            "speed": 13,
            "on_dig": {
              "event": "weapon"
            }
          },
          {
            "block": "minecraft:smooth_stone",
            "speed": 13,
            "on_dig": {
              "event": "weapon"
            }
          },
          {
            "block": "minecraft:stonebrick",
            "speed": 13,
            "on_dig": {
              "event": "weapon"
            }
          },
          {
            "block": "minecraft:enchanting_table",
            "speed": 13,
            "on_dig": {
              "event": "weapon"
            }
          },
          {
            "block": "minecraft:stone_brick_stairs",
            "speed": 13,
            "on_dig": {
              "event": "weapon"
            }
          },
          {
            "block": "minecraft:mossy_stone_brick_stairs",
            "speed": 13,
            "on_dig": {
              "event": "weapon"
            }
          },
          {
            "block": "minecraft:polished_blackstone_bricks",
            "speed": 13,
            "on_dig": {
              "event": "weapon"
            }
          },
          {
            "block": "minecraft:polished_blackstone_stairs",
            "speed": 13,
            "on_dig": {
              "event": "weapon"
            }
          },
          {
            "block": "minecraft:blackstone_wall",
            "speed": 13,
            "on_dig": {
              "event": "weapon"
            }
          },
          {
            "block": "minecraft:blackstone_wall",
            "speed": 13,
            "on_dig": {
              "event": "weapon"
            }
          },
          {
            "block": "minecraft:polished_blackstone_wall",
            "speed": 13,
            "on_dig": {
              "event": "weapon"
            }
          }
        ],
        "on_dig": {
          "event": "weapon"
        }
      },
      "minecraft:weapon": {
        "on_hurt_entity": {
          "event": "weapon"
        }
      }
    },
    "events": {
      "weapon": {
        "sequence": [
          {
            "damage": {
              "type": "durability",
              "amount": 1,
              "target": "self"
            }
          }
        ]
      }
    }
  }
}