{
  "format_version": "1.16.100",
  "minecraft:item": {
    "description": {
      "identifier": "effect:nether_star_sword",
      "category": "equipment"
    },
    "components": {
      "minecraft:explodable": false,
      "minecraft:foil": true,
      "minecraft:should_despawn": false,
      "minecraft:max_stack_size": 1,
      "minecraft:enchantable": {
        "value": 9,
        "slot": "sword"
      },
      "minecraft:durability": {
        "max_durability": 3256
      },
      "minecraft:allow_off_hand": false,
      "minecraft:hand_equipped": true,
      "minecraft:creative_category": {
        "parent": "itemGroup.name.sword"
      },
      "minecraft:can_destroy_in_creative": false,
      "minecraft:icon": {
        "texture": "nether_star_sword"
      },
      "minecraft:repairable": {
        "repair_items": [
          {
            "items": [
              "effect:nether_star_sword"
            ],
            "repair_amount": 3256
          },
          {
            "items": [
              "minecraft:nether_star"
            ],
            "repair_amount": 3000
          }
        ]
      },
      "minecraft:digger": {
        "use_efficiency": true,
        "destroy_speeds": [
          {
            "block": "minecraft:web",
            "speed": 15
          },
          {
            "block": "minecraft:bamboo",
            "speed": 10
          }
        ]
      },
      "minecraft:display_name": {},
      "minecraft:damage": 7,
      "minecraft:weapon": {
        "on_hurt_entity": {
          "event": "weapon"
        },
        "on_not_hurt_entity": {
          "event": "weapon"
        },
        "on_hit_block": {
          "event": "weapon"
        }
      }
    },
    "events": {
      "weapon": {
        "sequence": [
          {
            "shoot": {
              "projectile": "entity:nether_star_projectile",
              "launch_power": 1
            }
          },
          {
            "randomize": [
              {
                "weight": 80,
                "run_command": {
                  "command": [ "summon entity:nether_star ^ ^20 ^-6" ]
                }
              },
              {
                "weight": 20,
                "run_command": {
                  "command": [ 
                    "summon entity:nether_star ^ ^20 ^-6",
                    "summon entity:nether_star ^ ^18 ^-6"
                  ]
                }
              }
            ]
          },
          {
            "randomize": [
              {
                "weight": 9999,
                "damage": {
                  "type": "durability",
                  "amount": 1,
                  "target": "self"
                }
              },
              {
                "weight": 1,
                "run_command": { 
                  "command": [ 
                    "summon entity:ultra_instinct_explode"
                  ] 
                }
              }
            ]
          }
        ]
      }
    }
  }
}