{
  "format_version": "1.16.100",
  "minecraft:item": {
    "description": {
      "identifier": "effect:quartz_sword",
      "category": "equipment"
    },
    "components": {
      "minecraft:foil": true,
      "minecraft:max_stack_size": 1,
      "minecraft:durability": {
        "max_durability": 1
      },
      "minecraft:allow_off_hand": false,
      "minecraft:hand_equipped": true,
      "minecraft:creative_category": {
        "parent": "itemGroup.name.sword"
      },
      "minecraft:can_destroy_in_creative": false,
      "minecraft:icon": {
        "texture": "quartz_sword"
      },
      "minecraft:digger": {
        "use_efficiency": true,
        "destroy_speeds": [
          {
            "block": "minecraft:web",
            "speed": 15
          },
          {
            "block": "minecraft:bamboo",
            "speed": 10
          }
        ]
      },
      "minecraft:render_offsets": {
        "main_hand": {
          "first_person": {
            "position": [ 
              1.0, //x
              0, //y = First person.
              -2 //z
            ],
            "scale": [
              0.07,
              0.07,
              0.07
            ]
          },
          "third_person": {
            "position": [ 
              0.2, //x
              1.1, //z = Mirando la entidad desde al frente.
              -0.5 //y
            ],
            "scale": [
              0.08,
              0.08,
              0.08
            ]
          }
        }
      },
      "minecraft:display_name": {},
      "minecraft:damage": 600,
      "minecraft:weapon": {
        "on_hurt_entity": {
          "event": "weapon"
        },
        "on_not_hurt_entity": {
          "event": "weapon"
        },
        "on_hit_block": {
          "event": "weapon"
        }
      }
    },
    "events": {
      "weapon": {
        "sequence": [
          {
            "damage": {
              "type": "durability",
              "amount": 10,
              "target": "self"
            },
            "run_command": {
              "command": [ 
                "kill @s",
                "particle minecraft:knockback_roar_particle ~ ~1 ~"
             ],
             "target": "holder"
            }
          }
        ]
      }
    }
  }
}