{
  "format_version": "1.16.100",
  "minecraft:item": {
    "description": {
      "identifier": "effect:spider_sword",
      "category": "equipment"
    },
    "components": {
      "minecraft:foil": false,
      "minecraft:max_stack_size": 1,
      "minecraft:enchantable": {
        "value": 9,
        "slot": "sword"
      },
      "minecraft:durability": {
        "max_durability": 628
      },
      "minecraft:cooldown": {
        "category": "spider_sword",
        "duration": 28
      },
      "minecraft:allow_off_hand": false,
      "minecraft:hand_equipped": true,
      "minecraft:creative_category": {
        "parent": "itemGroup.name.sword"
      },
      "minecraft:can_destroy_in_creative": false,
      "minecraft:icon": {
        "texture": "spider_sword"
      },
      "minecraft:repairable": {
        "repair_items": [
          {
            "items": [
              "effect:spider_sword"
            ],
            "repair_amount": 628
          },
          {
            "items": [
              "minecraft:web"
            ],
            "repair_amount": 128
          },
          {
            "items": [
              "minecraft:spider_eye"
            ],
            "repair_amount": 48
          }
        ]
      },
      "minecraft:digger": {
        "use_efficiency": true,
        "destroy_speeds": [
          {
            "block": "minecraft:web",
            "speed": 100
          },
          {
            "block": "minecraft:bamboo",
            "speed": 10
          }
        ]
      },
      "minecraft:display_name": {},
      "minecraft:damage": 5,
      "minecraft:on_use": {
        "on_use": {
          "event": "on_use"
        }
      },
      "minecraft:weapon": {
        "on_hurt_entity": {
          "event": "weapon"
        },
        "on_not_hurt_entity": {
          "event": "weapon"
        },
        "on_hit_block": {
          "event": "weapon"
        }
      }
    },
    "events": {
      "on_use": {
        "run_command": {
          "command": [ "event entity @s spider_sword_skill" 
          ],
          "target": "holder"
        },
        "damage": {
          "type": "durability",
          "amount": 8,
          "target": "self"
        }
      },
      "weapon": {
        "sequence": [
          {
            "damage": {
              "type": "durability",
              "amount": 1,
              "target": "self"
            }
          },
          {
            "randomize": [
              {
                "weight": 95
              },
              {
                "weight": 5,
                "shoot": {
                  "projectile": "entity:web",
                  "launch_power": 1
                }
              }
            ]
          }
        ]
      }
    }
  }
}