{
  "format_version": "1.16.100",
  "minecraft:item": {
    "description": {
      "identifier": "effect:tnt_sword",
      "category": "equipment"
    },
    "components": {
      "minecraft:foil": false,
      "minecraft:max_stack_size": 1,
      "minecraft:durability": {
        "max_durability": 64
      },
      "minecraft:enchantable": {
        "value": 9,
        "slot": "sword"
      },
      "minecraft:cooldown": {
        "category": "tnt_sword",
        "duration": 10
      },
      "minecraft:allow_off_hand": false,
      "minecraft:hand_equipped": true,
      "minecraft:creative_category": {
        "parent": "itemGroup.name.sword"
      },
      "minecraft:can_destroy_in_creative": false,
      "minecraft:icon": {
        "texture": "tnt_sword"
      },
      "minecraft:repairable": {
        "repair_items": [
          {
            "items": [
              "effect:tnt_sword"
            ],
            "repair_amount": 64
          },
          {
            "items": [
              "minecraft:tnt"
            ],
            "repair_amount": 18
          }
        ]
      },
      "minecraft:display_name": {},
      "minecraft:damage": 4,
      "minecraft:on_use": {
        "on_use": {
          "event": "on_use"
        }
      },
      "minecraft:weapon": {
        "on_hurt_entity": {
          "event": "weapon"
        },
        "on_not_hurt_entity": {
          "event": "weapon"
        },
        "on_hit_block": {
          "event": "weapon"
        }
      }
    },
    "events": {
      "on_use": {
        "run_command": {
          "command": [ "summon minecraft:tnt ~~~ giant_tnt", "title @a[r=18] actionbar §fSuper§4TNT §f§lhas been activated.", "playsound random.fuse @a ~~~" ]
        },
        "damage": {
          "type": "durability",
          "amount": 18,
          "target": "self"
        }
      },
      "weapon": {
        "sequence": [
          {
            "damage": {
              "type": "durability",
              "amount": 1,
              "target": "self"
            }
          },
          {
            "randomize": [
              {
               "weight": 10
              },
              {
                "weight": 90,
                "shoot": {
                  "projectile": "entity:tnt",
                  "launch_power": 1
                }
              }
            ]
          }
        ]
      }
    }
  }
}