{
  "format_version": "1.16.100",
  "minecraft:item": {
    "description": {
      "identifier": "effect:ultra_instinct_sword",
      "category": "equipment"
    },
    "components": {
      "minecraft:explodable": false,
      "minecraft:foil": true,
      "minecraft:should_despawn": false,
      "minecraft:max_stack_size": 1,
      "minecraft:durability": {
        "max_durability": 9999
      },
      "minecraft:allow_off_hand": false,
      "minecraft:hand_equipped": true,
      "minecraft:creative_category": {
        "parent": "itemGroup.name.sword"
      },
      "minecraft:can_destroy_in_creative": false,
      "minecraft:icon": {
        "texture": "ultra_instinct_sword"
      },
      "minecraft:digger": {
        "use_efficiency": true,
        "destroy_speeds": [
          {
            "block": "minecraft:web",
            "speed": 999
          },
          {
            "block": "minecraft:bamboo",
            "speed": 999
          }
        ]
      },
      "minecraft:render_offsets": {
        "main_hand": {
          "first_person": {
            "rotation": [
              0,  //
              -5.0, //inclinacion hacia atras o adelante
              95    // 
            ],
            "position": [ 
              1.8,  // X
              -1.4, // Y
              -5.5  // Z
            ],
            "scale": [
              0.04,
              0.04,
              0.04
            ]
          },
          "third_person": {
            "position": [ 
              1.5, //x
              3.6, //z = Mirando la entidad desde al frente.
              -1.8 //y
            ],
            "scale": [
              0.04,
              0.04,
              0.04
            ]
          }
        }
      },
      "minecraft:display_name": {},
      "minecraft:damage": 16,
      "minecraft:cooldown": {
        "category": "ultra_instinct_sword",
        "duration": 61
      },
      "minecraft:on_use": {
        "on_use": {
          "event": "on_use"
        }
      },
      "minecraft:weapon": {
        "on_hurt_entity": {
          "event": "weapon"
        }
      }
    },
    "events": {
      "on_use": {
        "shoot": {
          "projectile": "entity:ultra_instinct_projectile",
          "launch_power": 1
        },
        "damage": {
          "type": "durability",
          "amount": 48,
          "target": "self"
        },
        "run_command": { "command": [ "playsound mob.wither.ambient @s ~ ~1 ~ 2 0.6" ] }
      },
      "weapon": {
        "sequence": [
          {
            "damage": {
              "type": "durability",
              "amount": 1,
              "target": "self"
            }
          }
        ]
      }
    }
  }
}