{
  "format_version": "1.16.100",
  "minecraft:item": {
    "description": {
      "identifier": "effect:wither_sword",
      "category": "equipment"
    },
    "components": {
      "minecraft:should_despawn": false,
      "minecraft:explodable": false,
      "minecraft:foil": true,
      "minecraft:max_stack_size": 1,
      "minecraft:durability": {
        "max_durability": 3856
      },
      "minecraft:allow_off_hand": false,
      "minecraft:hand_equipped": true,
      "minecraft:creative_category": {
        "parent": "itemGroup.name.sword"
      },
      "minecraft:can_destroy_in_creative": false,
      "minecraft:icon": {
        "texture": "wither_sword"
      },
      "minecraft:repairable": {
        "repair_items": [
          {
            "items": [
              "effect:wither_sword"
            ],
            "repair_amount": 3856
          }
        ]
      },
      "minecraft:digger": {
        "use_efficiency": true,
        "destroy_speeds": [
          {
            "block": "minecraft:web",
            "speed": 15
          },
          {
            "block": "minecraft:bamboo",
            "speed": 10
          }
        ]
      },
      "minecraft:render_offsets": {
        "main_hand": {
          "first_person": {
            "position": [ 
              0.8,  // X
              0.1, // Y
              -1.8  // Z
            ],
            "scale": [
              0.01,
              0.01,
              0.01
            ]
          },
          "third_person": {
            "position": [ 
              0.8, //x
              2.5, //z = Mirando la entidad desde al frente.
              -1.2 //y
            ],
            "scale": [
              0.027,
              0.027,
              0.027
            ]
          }
        }
      },
      "minecraft:display_name": {},
      "minecraft:damage": 10,
      "minecraft:cooldown": {
        "category": "wither_sword",
        "duration": 3
      },
      "minecraft:on_use": {
        "on_use": {
          "event": "on_use"
        }
      },
      "minecraft:weapon": {
        "on_hurt_entity": {
          "event": "weapon"
        },
        "on_not_hurt_entity": {
          "event": "weapon"
        },
        "on_hit_block": {
          "event": "weapon"
        }
      }
    },
    "events": {
      "on_use": {
        "shoot": {
          "projectile": "minecraft:wither_skull_dangerous",
          "launch_power": 1
        },
        "run_command": {
          "command": [ "playsound mob.wither.shoot @a[r=16] ~~~ 1 0.7" ]
        },
        "damage": {
          "type": "durability",
          "amount": 3,
          "target": "self"
        }
      },
      "weapon": {
        "sequence": [
          {
            "damage": {
              "type": "durability",
              "amount": 1,
              "target": "self"
            }
          },
          {
            "randomize": [
              {
                "weight": 90
              },
              {
                "weight": 10,
                "shoot": {
                  "projectile": "minecraft:wither_skull",
                  "launch_power": 1
                },
                "run_command": {
                  "command": [ "playsound mob.wither.shoot @a[r=16]" ]
                }
              }
            ]
          }
        ]
      }
    }
  }
}