{
 "format_version":
  [ 1,  1, 0 ],
 "effect99:lucky_block": {
  "textures": "lucky_block",
  "sound": "stone"
  },
  "effect99:spiral_lucky_block": {
  "textures": "spiral_lucky_block",
  "sound": "stone"
  },
  "effect99:spiral_fountain": {
  "textures": "spiral_lucky_block",
  "sound": "stone"
  },
  "effect99:spiral_fake_block": {
  "textures": "spiral_fake_block",
  "sound": "stone"
  },
  "effect99:lucky_tower": {
  "textures": "spiral_lucky_block",
  "sound": "stone"
  },
  "effect99:lucky_tower_room": {
  "textures": "spiral_lucky_block",
  "sound": "stone"
  },
  "effect99:spiral_dungeon": {
  "textures": "spiral_lucky_block",
  "sound": "stone"
  },
  "effect99:gingerbread_house": {
  "textures": "spiral_lucky_block",
  "sound": "stone"
  },
  "effect99:candyland": {
  "textures": "spiral_lucky_block",
  "sound": "stone"
  },
  "effect99:trampoline": {
  "textures": "spiral_lucky_block",
  "sound": "stone"
  },
  "effect99:ore_revealer": {
  "textures": "spiral_lucky_block",
  "sound": "stone"
  },
  "effect99:little_rainbow_coaster": {
  "textures": "spiral_lucky_block",
  "sound": "stone"
  },
  "effect99:red_dragon_dungeon": {
  "textures": "spiral_lucky_block",
  "sound": "stone"
  },
  "effect99:red_dragon_dungeon_room": {
  "textures": "spiral_lucky_block",
  "sound": "stone"
  },
  "effect99:red_dragon_dungeon_end_room": {
  "textures": "spiral_lucky_block",
  "sound": "stone"
  },
  "effect99:slime_castle": {
  "textures": "spiral_lucky_block",
  "sound": "stone"
  },
  "effect99:slime_room": {
  "textures": "spiral_lucky_block",
  "sound": "stone"
  },
  "effect99:slime_end_room": {
  "textures": "spiral_lucky_block",
  "sound": "stone"
  },
  "effect99:instant_tent": {
  "textures": "spiral_lucky_block",
  "sound": "stone"
  },
  "effect99:white_candy_block": {
  "textures": "white_candy_block",
  "sound": "stone"
  },
  "effect99:orange_candy_block": {
  "textures": "orange_candy_block",
  "sound": "stone"
  },
  "effect99:magenta_candy_block": {
  "textures": "magenta_candy_block",
  "sound": "stone"
  },
  "effect99:light_blue_candy_block": {
  "textures": "light_blue_candy_block",
  "sound": "stone"
  },
  "effect99:yellow_candy_block": {
  "textures": "yellow_candy_block",
  "sound": "stone"
  },
  "effect99:lime_candy_block": {
  "textures": "lime_candy_block",
  "sound": "stone"
  },
  "effect99:pink_candy_block": {
  "textures": "pink_candy_block",
  "sound": "stone"
  },
  "effect99:grey_candy_block": {
  "textures": "grey_candy_block",
  "sound": "stone"
  },
  "effect99:light_grey_candy_block": {
  "textures": "light_grey_candy_block",
  "sound": "stone"
  },
  "effect99:cyan_candy_block": {
  "textures": "cyan_candy_block",
  "sound": "stone"
  },
  "effect99:purple_candy_block": {
  "textures": "purple_candy_block",
  "sound": "stone"
  },
  "effect99:blue_candy_block": {
  "textures": "blue_candy_block",
  "sound": "stone"
  },
  "effect99:brown_candy_block": {
  "textures": "brown_candy_block",
  "sound": "stone"
  },
  "effect99:green_candy_block": {
  "textures": "green_candy_block",
  "sound": "stone"
  },
  "effect99:red_candy_block": {
  "textures": "red_candy_block",
  "sound": "stone"
  },
  "effect99:black_candy_block": {
  "textures": "black_candy_block",
  "sound": "stone"
  },
  "effect99:gingerbread_block": {
  "textures": "gingerbread_block",
  "sound": "wool"
  },
  "effect99:gingerbread_stairs": {
  "textures": "gingerbread_stairs",
  "sound": "wool"
  },
  "effect99:spiral_lollipop": {
  "textures": "spiral_lollipop",
  "sound": "wool"
  },
  "effect99:glass_crafting_table": {
  "textures": "glass_crafting_table",
  "sound": "glass"
  },
  "effect99:glass_furnace": {
  "textures": "glass_furnace",
  "sound": "glass"
  },
  "effect99:spiral_furnace": {
  "textures": "spiral_furnace",
  "sound": "stone"
  },

// Especial blocks
  "effect99:auto_complete_north": {
  "textures": "auto_complete_north",
  "sound": "glass"
  },
  "effect99:auto_complete_south": {
  "textures": "auto_complete_south",
  "sound": "glass"
  },
  "effect99:fountaindrop1": {
  "textures": "fountaindrop1",
  "sound": "glass"
 },
 "effect99:fountaindrop2": {
  "textures": "fountaindrop2",
  "sound": "glass"
 },
 "effect99:fountaindrop3": {
  "textures": "fountaindrop3",
  "sound": "glass"
 },
 "effect99:fountaindrop4": {
  "textures": "fountaindrop4",
  "sound": "glass"
 },
 "effect99:fountaindrop5": {
  "textures": "fountaindrop5",
  "sound": "glass"
 },
 "effect99:fountaindrop6": {
  "textures": "fountaindrop6",
  "sound": "glass"
 }
}