{
  "lucky:lucky_ingot_block": {
    "textures": "lucky_lucky_ingot_block",
    "sound": "metal"
  },
  "lucky:trap_aether_lucky_block": {
    "textures": "lucky_trap_aether_lucky_block",
    "sound": "stone"
  },
  "lucky:shadow_ingot_block": {
    "textures": "lucky_shadow_ingot_block",
    "sound": "metal"
  },
  "lucky:loot_aether_lucky_block": {
    "textures": "lucky_loot_aether_lucky_block",
    "sound": "stone"
  },
  "lucky:trap_nether_lucky_block": {
    "textures": "lucky_trap_nether_lucky_block",
    "sound": "stone"
  },
  "lucky:trap_orange_lucky_block": {
    "textures": "lucky_trap_orange_lucky_block",
    "sound": "stone"
  },
  "lucky:trap_end_lucky_block": {
    "textures": "lucky_trap_end_lucky_block",
    "sound": "stone"
  },
  "lucky:loot_red_lucky_block": {
    "textures": "lucky_loot_red_lucky_block",
    "sound": "stone"
  },
  "lucky:loot_dark_blue_lucky_block": {
    "textures": "lucky_loot_dark_blue_lucky_block",
    "sound": "stone"
  },
  "lucky:trap_jungle_lucky_block": {
    "textures": "lucky_trap_jungle_lucky_block",
    "sound": "stone"
  },
  "lucky:loot_green_lucky_block": {
    "textures": "lucky_loot_green_lucky_block",
    "sound": "normal"
  },
  "lucky:loot_jungle_lucky_block": {
    "textures": "lucky_loot_jungle_lucky_block",
    "sound": "stone"
  },
  "lucky:loot_dark_lucky_block": {
    "textures": "lucky_loot_dark_lucky_block",
    "sound": "stone"
  },
  "lucky:loot_desert_lucky_block": {
    "textures": "lucky_loot_desert_lucky_block",
    "sound": "stone"
  },
  "lucky:loot_nether_lucky_block": {
    "textures": "lucky_loot_nether_lucky_block",
    "sound": "stone"
  },
  "lucky:trap_dark_lucky_block": {
    "textures": "lucky_trap_dark_lucky_block",
    "sound": "stone"
  },
  "lucky:trap_dark_blue_lucky_block": {
    "textures": "lucky_trap_dark_blue_lucky_block",
    "sound": "stone"
  },
  "lucky:trap_green_lucky_block": {
    "textures": "lucky_trap_green_lucky_block",
    "sound": "normal"
  },
  "lucky:trap_lucky_block": {
    "textures": "lucky_trap_lucky_block",
    "sound": "stone"
  },
  "lucky:loot_purple_lucky_block": {
    "textures": "lucky_loot_purple_lucky_block",
    "sound": "stone"
  },
  "lucky:loot_turquoise_lucky_block": {
    "textures": "lucky_loot_turquoise_lucky_block",
    "sound": "stone"
  },
  "lucky:loot_pink_lucky_block": {
    "textures": "lucky_loot_pink_lucky_block",
    "sound": "stone"
  },
  "lucky:trap_pink_lucky_block": {
    "textures": "lucky_trap_pink_lucky_block",
    "sound": "stone"
  },
  "lucky:trap_red_lucky_block": {
    "textures": "lucky_trap_red_lucky_block",
    "sound": "stone"
  },
  "lucky:trap_turquoise_lucky_block": {
    "textures": "lucky_trap_turquoise_lucky_block",
    "sound": "stone"
  },
  "lucky:trap_purple_lucky_block": {
    "textures": "lucky_trap_purple_lucky_block",
    "sound": "stone"
  },
  "lucky:loot_orange_lucky_block": {
    "textures": "lucky_loot_orange_lucky_block",
    "sound": "stone"
  },
  "lucky:loot_rainbow_lucky_block": {
    "textures": "lucky_loot_rainbow_lucky_block",
    "sound": "stone"
  },
  "lucky:trap_desert_lucky_block": {
    "textures": "lucky_trap_desert_lucky_block",
    "sound": "stone"
  },
  "lucky:loot_end_lucky_block": {
    "textures": "lucky_loot_end_lucky_block",
    "sound": "stone"
  },
  "lucky:loot_lucky_block": {
    "textures": "lucky_loot_lucky_block",
    "sound": "stone"
  },
  "lucky:trap_rainbow_lucky_block": {
    "textures": "lucky_trap_rainbow_lucky_block",
    "sound": "stone"
  },
  "format_version": [
    1,
    1,
    0
  ]
}